AAseq,NNseq,Prob,Vregion,Jregion,Dregion,Frequency
CASSGPSNSPLHF,TGTGCCAGCAGTGGACCCAGTAATTCACCCCTCCACTTT,0.00183,TRBV6-2*01,TRBJ1-6*01,None,8
CASSERARGVHNEQFF,TGTGCCAGCAGTGAACGCGCCAGAGGCGTACACAATGAGCAGTTCTTC,0.05309,TRBV6-1*01,TRBJ2-1*01,None,4
CATSDLGQVVTEAFF,TGTGCCACCAGTGATTTGGGACAGGTCGTCACTGAAGCTTTCTTT,0.00024,TRBV24-1*01,TRBJ1-1*01,TRBD1*01,4
CASSLPGKQIDGYTF,TGTGCCAGCAGTTTGCCAGGCAAGCAGATTGATGGCTACACCTTC,0.00098,TRBV6-2*01,TRBJ1-2*01,None,3
CASSLLASGDEQYF,TGTGCCAGCAGTTTACTCGCTAGCGGGGACGAGCAGTACTTC,0.04517,TRBV28*01,TRBJ2-7*01,TRBD2*01,2
CASSGPSNSPLHF,TGTGCCAGCAGTGGACCCAGTAATTCACCCCTCCACTTT,0.00183,TRBV6-1*01,TRBJ1-6*01,None,2
CASSLQCADTQYF,TGTGCCAGCAGTTTACAATGTGCAGATACGCAGTATTTT,0.02133,TRBV27*01,TRBJ2-3*01,None,2
CASSGPSNSPLHF,TGTGCCAGCAGTGGACCCAGTAATTCACCCCTCCACTTT,0.00183,TRBV6-2*01,None,None,2
CASSLRAGEYNEQYF,TGTGCCAGCAGCTTACGGGCGGGGGAATATAACGAGCAGTACTTC,0.04517,TRBV7-7*01,TRBJ2-7*01,TRBD2*01,2
CASSHLAGGTEAFF,TGCGCCAGCAGCCATCTAGCGGGGGGCACTGAAGCTTTCTTT,0.01464,TRBV4-1*01,TRBJ1-1*01,TRBD2*01,2
CASSGPSNSPLHF,TGTGCCAGCAGTGGACCCAGTAATTCACCCCTCCACTTT,0.00183,TRBV6-4*01,TRBJ1-6*01,None,2
CSARATMSGSYGYTF,TGCAGTGCTAGAGCAACAATGTCGGGATCCTATGGCTACACCTTC,0.0,TRBV20/OR9-2*03,TRBJ1-2*01,TRBD2*02,2
CASSWCGTGGSTGELFF,TGTGCCAGCAGTTGGTGCGGGACAGGGGGATCAACCGGGGAGCTGTTTTTT,0.01707,TRBV12-4*02,TRBJ2-2*01,TRBD2*01,2
CASSLYGNEQFF,TGTGCCAGCAGTTTGTATGGCAATGAGCAGTTCTTC,0.05309,TRBV27*01,TRBJ2-1*01,None,2
CASSLPGKQIDGYTF,TGTGCCAGCAGTTTGCCAGGCAAGCAGATTGATGGCTACACCTTC,0.00098,TRBV6-3*01,TRBJ1-2*01,None,2
CASSYDRTSGSRYEQYF,TGTGCCAGCAGTTACGACAGGACTAGCGGGAGCCGCTACGAGCAGTACTTC,0.04517,TRBV27*01,TRBJ2-7*01,TRBD2*02,2
CASSARTREVRLSTDTQYF,TGTGCCAGCAGTGCAAGGACGCGGGAGGTTCGGTTGAGCACAGATACGCAGTATTTT,0.02133,TRBV28*01,TRBJ2-3*01,TRBD2*02,2
CATSRRLILAGGSPQPQHF,TGTGCCACCAGCAGACGGTTGATACTAGCGGGAGGGTCCCCTCAGCCCCAGCATTTT,9.0e-5,TRBV15*01,TRBJ1-5*01,TRBD2*02,2
CASSLWTGTAQETQYF,TGTGCCAGCAGTTTATGGACAGGGACTGCCCAAGAGACCCAGTACTTC,0.02133,TRBV27*01,TRBJ2-5*01,TRBD1*01,2
CASSEAGDRGGMREQYF,TGTGCCAGCAGTGAAGCTGGCGATCGTGGGGGTATGCGCGAGCAGTACTTC,0.04517,TRBV2*01,TRBJ2-7*01,TRBD2*01,2
CASSPDSGRRRKAYEQYF,TGTGCCAGCAGCCCAGATAGCGGGAGGAGAAGAAAGGCCTACGAGCAGTACTTC,0.04517,TRBV4-2*01,TRBJ2-7*01,TRBD2*02,1
CASSSGTSGREAFF,TGTGCCAGCAGCTCGGGGACTAGCGGGAGGGAAGCTTTCTTT,0.01464,TRBV7-9*02,TRBJ1-1*01,TRBD2*02,1
CASSSVTLAGNQPQHF,TGTGCCAGCAGTTCCGTTACACTAGCGGGAAATCAGCCCCAGCATTTT,0.0057,TRBV12-4*01,TRBJ1-5*01,TRBD2*02,1
CASSRSCDNYNEQFF,TGTGCCAGCAGCCGCTCCTGCGATAACTACAATGAGCAGTTCTTC,0.05309,TRBV7-8*03,None,None,1
CASRRADRLYNEQFF,TGCGCCAGCAGGCGAGCTGACAGACTGTACAATGAGCAGTTCTTC,0.00986,TRBV4-1*02,TRBJ2-1*01,TRBD2*02,1
CASSDAFLAYGYTF,TGTGCCAGCAGTGATGCGTTTCTAGCCTATGGCTACACCTTC,0.00098,TRBV2*03,TRBJ1-2*01,None,1
CATSLVSGTSGGLNRAYNEQFF,TGTGCCACCAGCTTAGTATCAGGGACTAGCGGGGGCCTCAATCGGGCCTACAATGAGCAGTTCTTC,0.00085,TRBV15*01,TRBJ2-1*01,TRBD2*01,1
CASSRPYRGAQPQHF,TGTGCCAGCAGTCGCCCCTACAGGGGTGCTCAGCCCCAGCATTTT,0.0057,TRBV6-6*04,TRBJ1-5*01,TRBD1*01,1
CASSQDGSKSADTQYF,TGCGCCAGCAGCCAAGATGGGTCTAAATCAGCGGATACGCAGTATTTT,0.02133,TRBV4-1*01,TRBJ2-3*01,TRBD2*02,1
CAWSTSGGEGNQPQHF,TGTGCCTGGAGTACTAGCGGGGGAGAAGGCAATCAGCCCCAGCATTTT,8.0e-5,TRBV30*03,TRBJ1-5*01,TRBD2*01,1
CASSQGAGADNEQFF,TGTGCCAGCAGCCAAGGAGCGGGAGCTGACAATGAGCAGTTCTTC,0.05309,TRBV4-2*01,TRBJ2-1*01,TRBD2*02,1
CASSFAGGLYNEQFF,TGTGCCAGCAGTTTTGCAGGGGGCTTGTACAATGAGCAGTTCTTC,0.05309,TRBV27*01,TRBJ2-1*01,TRBD2*01,1
CASRGVEQYF,TGTGCCAGCAGGGGGGTCGAGCAGTACTTC,0.00839,TRBV6-1*01,TRBJ2-7*01,TRBD2*01,1
CASRSNSDSGRTYEQYF,TGTGCCAGCAGATCCAATAGCGATAGCGGGCGAACCTACGAGCAGTACTTC,0.00839,TRBV12-3*01,TRBJ2-7*01,TRBD2*01,1
CASSLAGLRGCDYEQYF,TGCGCCAGCAGCTTGGCAGGCTTGAGGGGATGCGACTACGAGCAGTACTTC,0.04517,TRBV5-1*01,TRBJ2-7*01,TRBD2*02,1
CASSSTRGTEAFF,TGTGCCAGCAGCTCAACGCGAGGCACTGAAGCTTTCTTT,0.01464,TRBV7-1*01,TRBJ1-1*01,TRBD2*02,1
CASSDILIEQYF,TGTGCCAGCAGTGACATACTTATAGAGCAGTACTTC,0.04517,TRBV25/OR9-2*01,TRBJ2-7*01,None,1
CASSQRYVFRGCEQYF,TGTGCCAGCAGCCAACGATATGTCTTCAGGGGTTGCGAGCAGTACTTC,0.04517,TRBV14*01,TRBJ2-7*01,TRBD1*01,1
CASSKILSGEEAFF,TGTGCCAGCAGCAAAATCCTAAGCGGGGAAGAAGCTTTCTTT,0.01464,TRBV5-5*03,None,TRBD2*01,1
CASSHARSGGTEAFF,TGCGCCAGCAGCCATGCACGTAGCGGGGGGACTGAAGCTTTCTTT,0.01464,TRBV4-1*02,TRBJ1-1*01,TRBD2*01,1
CASSLCQGYNEQFF,TGTGCCAGTAGTTTATGCCAGGGTTACAATGAGCAGTTCTTC,0.05309,TRBV27*01,TRBJ2-1*01,None,1
CASRGQPKESYEQYF,TGTGCCAGCAGAGGACAGCCCAAAGAATCCTACGAGCAGTACTTC,0.00839,TRBV5-8*01,TRBJ2-7*01,TRBD1*01,1
CASSRLVQGSGNTIYF,TGTGCCAGCAGCCGCCTGGTACAGGGCTCTGGAAACACCATATATTTT,0.0009,TRBV7-8*03,TRBJ1-3*01,TRBD2*01,1
CSADQGVNYGYTF,TGCAGTGCTGATCAGGGGGTTAACTATGGCTACACCTTC,0.0,None,TRBJ1-2*01,TRBD1*01,1
CASSLIVILAGTNTGELFF,TGTGCCAGCAGCTTAATTGTGATTCTAGCGGGCACAAATACCGGGGAGCTGTTTTTT,0.01707,TRBV7-3*01,TRBJ2-2*01,TRBD2*01,1
CSVESCTTSGEETQYF,TGCAGCGTTGAATCATGCACGACTAGCGGGGAAGAGACCCAGTACTTC,0.0,TRBV29-1*01,TRBJ2-5*01,TRBD2*01,1
CASSLCFRPEAFF,TGTGCCAGCAGTTTATGTTTTCGACCGGAAGCTTTCTTT,0.01464,TRBV28*01,TRBJ1-1*01,None,1
CASSLSARTPTDTQYF,TGTGCCAGCAGCTTATCCGCGCGTACACCCACAGATACGCAGTATTTT,0.02133,TRBV7-8*01,TRBJ2-3*01,None,1
CASSLTGQGAASYEQYF,TGTGCCAGCAGTTTAACGGGACAGGGTGCTGCGTCGTACGAGCAGTACTTC,0.04517,TRBV27*01,TRBJ2-7*01,TRBD1*01,1
CASSQRGTSGGPVLETHYF,TGTGCCAGCAGCCAACGTGGGACTAGCGGGGGACCAGTGCTAGAGACCCACTACTTC,0.0,TRBV14*01,TRBJ2-5*01,TRBD2*01,1
CASRAQGSYSNTDTQYF,TGTGCCAGCAGAGCACAGGGGAGCTACTCAAACACAGATACGCAGTATTTT,0.00396,TRBV7-9*04,None,TRBD2*02,1
CASSGASVTGELFF,TGTGCCAGCAGTGGAGCGTCTGTCACCGGGGAGCTGTTTTTT,0.01707,TRBV2*01,TRBJ2-2*01,TRBD2*01,1
CSAASGNDSDTEAFF,TGCAGTGCTGCTAGCGGGAACGATAGCGACACTGAAGCTTTCTTT,0.0,TRBV20/OR9-2*01,TRBJ1-1*01,TRBD2*02,1
CASSLRLLLAYGYTF,TGTGCCAGCAGCTTACGTTTGCTGTTAGCCTATGGCTACACCTTC,0.00098,TRBV7-6*01,TRBJ1-2*01,None,1
CASRLDPDTQYF,TGCGCCAGCAGGCTGGATCCAGATACGCAGTATTTT,0.00396,TRBV4-1*01,TRBJ2-3*01,None,1
CSAREGQDEQYF,TGCAGTGCTAGAGAAGGACAAGACGAGCAGTACTTC,0.00014,TRBV20-1*01,TRBJ2-7*01,TRBD2*02,1
CAISESKGLTQYF,TGTGCCATCAGTGAGTCTAAGGGGTTGACCCAGTACTTC,0.00016,TRBV10-3*01,TRBJ2-5*01,TRBD1*01,1
CASSQFQKAGGINTIYF,TGTGCCAGCAGCCAATTCCAAAAAGCAGGGGGAATAAACACCATATATTTT,0.0009,TRBV4-2*01,TRBJ1-3*01,TRBD2*01,1
CSASGGGTDTQYF,TGCAGTGCTAGCGGGGGAGGCACAGATACGCAGTATTTT,0.00035,TRBV20-1*04,TRBJ2-3*01,TRBD2*01,1
CASSLLELGGALETQYF,TGTGCCAGCAGTTTATTAGAACTCGGGGGGGCTTTGGAGACCCAGTACTTC,0.02133,TRBV28*01,TRBJ2-5*01,TRBD2*01,1
CASSQGGGYTF,TGCGCCAGCAGCCAAGGGGGCGGCTACACCTTC,0.00098,TRBV4-1*02,TRBJ1-2*01,TRBD2*01,1
CASSLGASYEQYF,TGCGCCAGCAGCTTGGGGGCCTCCTACGAGCAGTACTTC,0.04517,TRBV5-1*01,TRBJ2-7*01,TRBD2*01,1
CASSLEIAGGMRGYTF,TGTGCCAGCAGCTTAGAAATAGCGGGAGGCATGCGCGGCTACACCTTC,0.00098,TRBV11-1*01,TRBJ1-2*01,TRBD2*02,1
CASSDRHTGSGSYNEQFF,TGTGCCAGCAGTGATCGACACACAGGTAGCGGGTCCTACAATGAGCAGTTCTTC,0.05309,TRBV6-1*01,TRBJ2-1*01,TRBD2*01,1
CASSSSDLDTDTQYF,TGTGCCAGCAGTTCATCGGATCTTGACACAGATACGCAGTATTTT,0.02133,TRBV27*01,TRBJ2-3*01,None,1
CASSERAIDNEQFF,TGTGCCAGCAGTGAACGCGCAATCGACAATGAGCAGTTCTTC,0.05309,TRBV6-1*01,TRBJ2-1*01,None,1
CAWTTAPYEQYF,TGTGCCTGGACCACGGCGCCCTACGAGCAGTACTTC,2.0e-5,TRBV30*01,TRBJ2-7*01,TRBD2*02,1
CASSGLAGEAPYNEQFF,TGTGCCAGCAGCGGACTAGCGGGGGAGGCACCCTACAATGAGCAGTTCTTC,0.05309,TRBV7-8*01,TRBJ2-1*01,TRBD2*01,1
CSVESLTTGGGTEQYF,TGCAGCGTTGAATCCCTCACGACAGGCGGCGGAACCGAGCAGTACTTC,0.0,TRBV29-1*02,TRBJ2-7*01,TRBD2*01,1
CASSYSTGEFYNSPLHF,TGTGCCAGCAGTTACTCGACAGGGGAGTTCTATAATTCACCCCTCCACTTT,0.00183,TRBV6-3*01,TRBJ1-6*01,TRBD1*01,1
CASSFIYLEQGKAYEQYF,TGTGCCAGCAGCTTCATATATTTAGAACAGGGGAAGGCCTACGAGCAGTACTTC,0.04517,TRBV7-9*01,None,TRBD2*01,1
CASRAGCFSDTQYF,TGTGCCAGCAGGGCGGGATGTTTTAGTGATACGCAGTATTTT,0.00396,TRBV2*01,TRBJ2-3*01,TRBD2*01,1
CASSYLAKHNEQFF,TGTGCCAGCAGTTACTTAGCAAAGCACAATGAGCAGTTCTTC,0.05309,TRBV6-7*01,TRBJ2-1*01,None,1
CASSQAGTLGGVTNEKLFF,TGTGCCAGCAGCCAAGCCGGTACTCTAGGGGGTGTGACTAATGAAAAACTGTTTTTT,0.00188,TRBV14*01,TRBJ1-4*01,TRBD2*01,1
CASSLSKSTSGRVHNKNTEAFF,TGTGCCAGCAGTTTATCCAAGAGTACTAGCGGGAGGGTCCATAATAAAAACACTGAAGCTTTCTTT,0.01464,TRBV27*01,TRBJ1-1*01,TRBD2*02,1
CASSERARGVHNEQFF,TGTGCCAGCAGTGAACGCGCCAGAGGCGTACACAATGAGCAGTTCTTC,0.05309,TRBV2*01,TRBJ2-1*01,None,1
CASSVEVNSSTEAFF,TGTGCCAGCAGTGTGGAGGTGAACAGCAGCACTGAAGCTTTCTTT,0.01464,TRBV27*01,TRBJ1-1*01,TRBD2*02,1
CSARAGTAYEQYF,TGCAGTGCTAGGGCTGGGACCGCCTACGAGCAGTACTTC,0.00014,TRBV20-1*07,TRBJ2-7*01,TRBD2*02,1
CSARLLERVLAGNTIYF,TGCAGTGCTAGGCTCCTAGAGCGGGTCTTGGCGGGAAACACCATATATTTT,0.0,TRBV20-1*04,None,TRBD2*01,1
CASSYSHPWGALDNEQFF,TGTGCCAGCAGTTACTCTCACCCGTGGGGGGCCCTGGACAATGAGCAGTTCTTC,0.05309,TRBV6-7*01,TRBJ2-1*01,TRBD2*01,1
CASSGPSNSPLHF,TGTGCCAGCAGTGGACCCAGTAATTCACCCCTCCACTTT,0.00183,TRBV6-4*02,TRBJ1-6*01,None,1
CASSEAGAMDTQYF,TGTGCCAGCAGTGAAGCGGGTGCTATGGATACGCAGTATTTT,0.02133,TRBV2*01,TRBJ2-3*01,TRBD2*01,1
CASSLTDRGCGSYNEQFF,TGTGCCAGCAGCTTAACGGACAGGGGGTGCGGAAGCTACAATGAGCAGTTCTTC,0.05309,TRBV7-3*01,TRBJ2-1*01,TRBD1*01,1
CASSLGRSEQYF,TGTGCCAGCAGTTTAGGAAGGTCGGAGCAGTACTTC,0.04517,TRBV12-4*01,TRBJ2-7*01,None,1
CASSSAPGLAGGSTNQPQHF,TGTGCCAGCAGCTCAGCCCCGGGACTAGCGGGGGGCTCTACCAATCAGCCCCAGCATTTT,0.0057,TRBV11-2*01,None,TRBD2*01,1
CSAREFTSGNEQFF,TGCAGTGCTAGAGAGTTTACTAGCGGCAATGAGCAGTTCTTC,0.00016,TRBV20/OR9-2*01,TRBJ2-1*01,TRBD2*02,1
CASSLAIGRSSGLVSNQPQHF,TGTGCCAGCAGCTTAGCAATTGGGCGTTCTAGCGGCCTAGTCAGCAATCAGCCCCAGCATTTT,0.0057,TRBV7-9*03,TRBJ1-5*01,TRBD2*02,1
CASSFVGLAGIRTDTQYF,TGTGCCAGCAGTTTTGTGGGACTAGCGGGGATTCGCACAGATACGCAGTATTTT,0.02133,TRBV7-2*02,TRBJ2-3*01,TRBD2*01,1
CASSKARTSGTEAFF,TGTGCCAGTAGTAAGGCCAGGACTAGCGGCACTGAAGCTTTCTTT,0.01464,TRBV19*02,TRBJ1-1*01,TRBD2*02,1
CASSMAANLAGVTGELFF,TGTGCCAGTAGTATGGCGGCCAACCTAGCGGGGGTTACCGGGGAGCTGTTTTTT,0.01707,TRBV19*02,TRBJ2-2*01,TRBD2*01,1
CATSDDAGYLNIQYF,TGTGCCACCAGTGATGATGCAGGGTATCTAAACATTCAGTACTTC,2.0e-5,TRBV24/OR9-2*01,TRBJ2-4*01,TRBD2*02,1
CASSTGNSPLHF,TGTGCCAGTAGTACAGGTAATTCACCCCTCCACTTT,0.00183,TRBV19*01,TRBJ1-6*01,None,1
CASSCIAGVGELFF,TGTGCCAGCAGTTGTATAGCGGGAGTCGGGGAGCTGTTTTTT,0.01707,TRBV12-4*02,TRBJ2-2*01,TRBD2*01,1
CASSDSPLAGDADTQYF,TGTGCCAGCAGTGACTCGCCTCTAGCGGGGGATGCAGATACGCAGTATTTT,0.02133,TRBV6-4*02,TRBJ2-3*01,TRBD2*01,1
CASTTSIETQYF,TGTGCCAGCACTACTAGCATAGAGACCCAGTACTTC,0.0008,TRBV5-6*01,TRBJ2-5*01,None,1
CASSEITTSDGGYTF,TGTGCCAGCAGCGAGATTACGACTAGCGACGGGGGCTACACCTTC,0.00098,TRBV11-2*01,TRBJ1-2*01,TRBD2*01,1
CASSQALAGDYQPQHF,TGCGCCAGCAGCCAGGCATTAGCGGGAGACTATCAGCCCCAGCATTTT,0.0057,TRBV4-3*01,TRBJ1-5*01,TRBD2*02,1
CASSELDTTLSYEQYF,TGTGCCAGCAGTGAACTAGACACGACACTTTCCTACGAGCAGTACTTC,0.04517,TRBV2*02,TRBJ2-7*01,TRBD2*02,1
CASSHSNRLAADVNGYTF,TGTGCCAGCAGCCATAGCAATAGACTAGCGGCGGATGTTAATGGCTACACCTTC,0.00098,TRBV4-2*01,TRBJ1-2*01,TRBD2*01,1
CASRGGGYGYTF,TGTGCCAGCAGGGGCGGGGGATATGGCTACACCTTC,0.00018,TRBV6-5*01,TRBJ1-2*01,TRBD2*01,1
CASSDVGRGIANVLTF,TGTGCCAGCAGTGACGTGGGAAGGGGGATTGCCAACGTCCTGACTTTC,0.0002,TRBV6-1*01,TRBJ2-6*01,TRBD1*01,1
CAISERQGFGEQYF,TGTGCCATCAGTGAGAGACAGGGATTCGGGGAGCAGTACTTC,0.00034,TRBV10-3*02,None,TRBD2*01,1
CSARKVQDCNTGELFF,TGCAGTGCTAGAAAGGTACAGGACTGTAACACCGGGGAGCTGTTTTTT,5.0e-5,TRBV20-1*07,TRBJ2-2*01,TRBD2*01,1
CASSGVLRLARYGYTF,TGTGCCAGCAGTGGCGTCCTACGACTAGCGCGCTATGGCTACACCTTC,0.00098,TRBV2*03,TRBJ1-2*01,TRBD2*02,1
CSVAIRQGSYNEQFF,TGCAGCGTTGCCATACGACAGGGGTCCTACAATGAGCAGTTCTTC,0.0,TRBV29-1*01,TRBJ2-1*01,TRBD1*01,1
CSAREPTHQRGQWLEQYF,TGCAGTGCTAGAGAGCCGACGCATCAGCGGGGACAGTGGCTAGAGCAGTACTTC,0.00014,TRBV20/OR9-2*03,TRBJ2-7*01,TRBD2*01,1
CASRRLAGGKGEQYF,TGTGCCAGCAGACGCCTAGCGGGGGGTAAGGGCGAGCAGTACTTC,0.00839,TRBV6-3*01,None,TRBD2*01,1
CASSQPLTGGSNQPQHF,TGTGCCAGCAGCCAACCGCTTACAGGTGGTTCCAATCAGCCCCAGCATTTT,0.0057,TRBV7-3*01,TRBJ1-5*01,TRBD1*01,1
CASSERFTYNEQFF,TGTGCCAGCAGTGAACGCTTCACCTACAATGAGCAGTTCTTC,0.05309,TRBV2*01,TRBJ2-1*01,None,1
CASSRTSGGKALHTGELFF,TGCGCCAGCAGCCGGACTAGCGGGGGGAAAGCGCTACACACCGGGGAGCTGTTTTTT,0.01707,TRBV4-3*01,TRBJ2-2*01,TRBD2*01,1
CSATKRGSTDTQYF,TGCAGTGCTACAAAGAGGGGCAGCACAGATACGCAGTATTTT,1.0e-5,None,TRBJ2-3*01,TRBD2*01,1
CASRPRIHRGTYGYTF,TGTGCCAGCAGACCACGGATACACAGGGGTACTTATGGCTACACCTTC,0.00018,TRBV5-7*01,TRBJ1-2*01,TRBD2*01,1
CASSLAAGIGQGTYEQYF,TGTGCCAGCAGTTTAGCCGCCGGAATAGGACAGGGGACCTACGAGCAGTACTTC,0.04517,TRBV12-4*01,TRBJ2-7*01,TRBD1*01,1
CASSHMTSGVNEQFF,TGTGCCAGCAGCCACATGACTAGCGGGGTCAATGAGCAGTTCTTC,0.05309,TRBV4-2*01,TRBJ2-1*01,TRBD2*01,1
CASRARTAEAFF,TGTGCCAGTAGAGCGAGAACAGCTGAAGCTTTCTTT,0.00272,TRBV19*01,TRBJ1-1*01,None,1
CASRRVAGGYEQYF,TGTGCCAGCAGAAGAGTAGCGGGAGGCTACGAGCAGTACTTC,0.00839,TRBV7-2*02,TRBJ2-7*01,TRBD2*02,1
CASRTSGVKTDTQYF,TGTGCCAGCAGGACTAGCGGGGTGAAAACAGATACGCAGTATTTT,0.00396,TRBV28*01,TRBJ2-3*01,TRBD2*01,1
CASSSVRSYEQYF,TGTGCCAGCAGCTCAGTCCGATCCTACGAGCAGTACTTC,0.04517,TRBV7-8*01,TRBJ2-7*01,None,1
CASSRDGGNGYTF,TGTGCCAGTAGTAGGGATGGCGGCAATGGCTACACCTTC,0.00098,TRBV19*01,TRBJ1-2*01,TRBD2*02,1
CASSYSGAGEAFF,TGCGCCAGCAGCTATAGCGGGGCAGGTGAAGCTTTCTTT,0.01464,TRBV10-2*01,None,TRBD2*01,1
CASSIESNCGQVYTEAFF,TGTGCCAGTAGTATAGAAAGTAACTGCGGACAGGTTTACACTGAAGCTTTCTTT,0.01464,TRBV19*01,TRBJ1-1*01,TRBD2*02,1
CASRRHYGRSYNEQFF,TGTGCCAGCAGAAGACATTACGGCCGTTCCTACAATGAGCAGTTCTTC,0.00986,TRBV6-6*04,TRBJ2-1*01,TRBD2*02,1
CSARDTAGANVLTF,TGCAGTGCGCGGGACACCGCTGGGGCCAACGTCCTGACTTTC,0.0,None,TRBJ2-6*01,TRBD2*01,1
CATRCGTSEEAFF,TGTGCCACCAGGTGCGGAACTAGCGAAGAAGCTTTCTTT,4.0e-5,TRBV15*01,TRBJ1-1*01,TRBD2*02,1
CASSGPSNSPLHF,TGTGCCAGCAGTGGACCCAGTAATTCACCCCTCCACTTT,0.00183,TRBV6-3*01,None,None,1
CASSQSGGTPDTQYF,TGCGCCAGCAGCCAGTCGGGGGGCACGCCAGATACGCAGTATTTT,0.02133,TRBV4-1*02,TRBJ2-3*01,TRBD2*01,1
CASSLPSGGTVNEQFF,TGCGCCAGCAGCTTACCTTCTGGGGGGACGGTAAATGAGCAGTTCTTC,0.05309,TRBV5-1*01,TRBJ2-1*01,TRBD2*01,1
CSARGCGEQYF,TGCAGTGCTAGAGGCTGCGGGGAGCAGTACTTC,0.00014,TRBV20/OR9-2*01,TRBJ2-7*01,TRBD2*01,1
CSVANAGYEQYF,TGCAGCGTTGCCAACGCAGGGTACGAGCAGTACTTC,0.0,TRBV29-1*01,None,None,1
CASSVRLAGVVIPDTQYF,TGTGCCAGCAGTGTTCGACTAGCGGGAGTTGTTATCCCAGATACGCAGTATTTT,0.02133,TRBV28*01,TRBJ2-3*01,TRBD2*02,1
CASSGDTTEAFF,TGCGCCAGCAGCGGGGACACAACTGAAGCTTTCTTT,0.01464,TRBV4-1*01,TRBJ1-1*01,None,1
CASSILLVLAGGIAYNEQFF,TGTGCCAGTAGTATATTATTAGTGCTAGCGGGGGGGATAGCCTACAATGAGCAGTTCTTC,0.05309,TRBV19*01,TRBJ2-1*01,TRBD2*01,1
CASSLGATSRTSGGLKSGGYTF,TGTGCCAGCAGCTTAGGAGCAACCTCCCGGACTAGCGGGGGGCTCAAATCAGGTGGCTACACCTTC,0.00098,TRBV11-1*01,TRBJ1-2*01,TRBD2*01,1
CASRSVGDNEQFF,TGTGCCAGCAGGAGCGTCGGGGACAATGAGCAGTTCTTC,0.00986,TRBV11-3*03,TRBJ2-1*01,TRBD2*01,1
CASSLASAYEQYF,TGTGCCAGCAGCTTAGCAAGCGCCTACGAGCAGTACTTC,0.04517,TRBV11-2*01,TRBJ2-7*01,None,1
CASSQIIVTATEAFF,TGTGCCAGCAGCCAGATCATAGTGACAGCAACTGAAGCTTTCTTT,0.01464,TRBV14*01,TRBJ1-1*01,None,1
CASRNSGEPYEQYF,TGTGCCAGCAGAAATAGCGGGGAGCCCTACGAGCAGTACTTC,0.00839,TRBV7-2*04,TRBJ2-7*01,TRBD2*01,1
CASSLHQPRAGPRLGNQPQHF,TGTGCCAGCAGTTTACACCAACCTAGAGCGGGACCCCGTCTGGGCAATCAGCCCCAGCATTTT,0.0057,TRBV12-4*02,TRBJ1-5*01,TRBD2*02,1
CAISGQDRSVGELFF,TGTGCCATCAGTGGTCAAGACAGGTCGGTAGGGGAGCTGTTTTTT,0.00013,TRBV10-3*02,TRBJ2-2*01,TRBD2*01,1
CASSLIGQGDYNEQFF,TGTGCCAGCAGCTTAATAGGACAGGGGGATTACAATGAGCAGTTCTTC,0.05309,TRBV7-8*01,TRBJ2-1*01,TRBD1*01,1
CASSQLALRDTQYF,TGTGCCAGTAGTCAATTAGCACTTCGAGATACGCAGTATTTT,0.02133,TRBV19*02,TRBJ2-3*01,None,1
CASSETWTGGRNQPQHF,TGTGCCAGCAGTGAAACATGGACAGGGGGCCGCAATCAGCCCCAGCATTTT,0.0057,TRBV2*03,TRBJ1-5*01,TRBD1*01,1
CASSLSGYASDNTEAFF,TGTGCCAGCAGTTTATCGGGCTATGCTAGCGATAACACTGAAGCTTTCTTT,0.01464,TRBV27*01,TRBJ1-1*01,TRBD2*02,1
CATSDWTSDSYNEQFF,TGTGCCACCAGTGATTGGACTAGCGACTCCTACAATGAGCAGTTCTTC,0.00085,TRBV24-1*02,TRBJ2-1*01,TRBD2*02,1
CATSSPWTGSYEQYF,TGTGCCACCAGCAGTCCTTGGACAGGGTCCTACGAGCAGTACTTC,0.00073,TRBV15*01,TRBJ2-7*01,TRBD2*02,1
CPGTGGRLEQYF,TGTCCCGGCACAGGGGGTCGGCTTGAGCAGTACTTC,0.0,TRBV6-3*01,TRBJ2-7*01,TRBD1*01,1
CASSLGLRGANVEAFF,TGTGCCAGCAGCTTAGGACTGCGGGGGGCGAACGTTGAAGCTTTCTTT,0.01464,TRBV7-8*01,TRBJ1-1*01,TRBD2*01,1
CASRKRTSAGELFF,TGCGCCAGCAGAAAGCGCACTAGCGCCGGGGAGCTGTTTTTT,0.00317,TRBV5-1*02,TRBJ2-2*01,TRBD2*01,1
CSATYYDRCHEQYF,TGCAGTGCTACTTATTATGACAGGTGCCACGAGCAGTACTTC,3.0e-5,TRBV20-1*04,TRBJ2-7*01,TRBD1*01,1
CASSLYRKTQYF,TGTGCCAGCAGTTTATACCGGAAGACCCAGTACTTC,0.02133,TRBV27*01,TRBJ2-5*01,None,1
CASRLVNSGGEQYF,TGTGCCAGCAGACTAGTGAATAGCGGGGGGGAGCAGTACTTC,0.00839,TRBV2*02,TRBJ2-7*01,TRBD2*01,1
CASSGPRNSPLHF,TGTGCCAGCAGTGGACCCCGTAATTCACCCCTCCACTTT,0.00183,TRBV2*01,TRBJ1-6*01,None,1
CASSYWQGDGYTF,TGTGCCAGCAGTTATTGGCAGGGGGACGGCTACACCTTC,0.00098,TRBV6-6*02,TRBJ1-2*01,TRBD2*01,1
CTSSLNRTRPRYNEQFF,TGTACCAGCAGCTTAAATAGGACTCGTCCACGCTACAATGAGCAGTTCTTC,0.0,TRBV7-2*03,TRBJ2-1*01,TRBD2*02,1
CSAENTDTQYF,TGCAGTGCTGAAAACACAGATACGCAGTATTTT,0.0,TRBV20/OR9-2*01,TRBJ2-3*01,None,1
CASSERARGVHNEQFF,TGTGCCAGCAGTGAACGCGCCAGAGGCGTACACAATGAGCAGTTCTTC,0.05309,TRBV2*03,TRBJ2-1*01,None,1
CASSLCSGRNEQFF,TGTGCCAGCAGTTTATGTTCGGGGCGCAATGAGCAGTTCTTC,0.05309,TRBV27*01,TRBJ2-1*01,TRBD2*01,1
CASSLSFRIPSPNEQFF,TGTGCCAGCAGCTTATCATTTCGGATCCCTAGTCCCAATGAGCAGTTCTTC,0.05309,TRBV7-9*01,TRBJ2-1*01,None,1
CASRQKTGGYNEQFF,TGTGCCAGCAGACAAAAGACAGGGGGCTACAATGAGCAGTTCTTC,0.00986,TRBV12-3*01,TRBJ2-1*01,TRBD1*01,1
CSARLAGGRNYGYTF,TGCAGTGCTCGACTAGCGGGAGGGAGGAACTATGGCTACACCTTC,0.0,TRBV20/OR9-2*02,TRBJ1-2*01,TRBD2*02,1
CASSFRSLGTSGGYTF,TGTGCCAGCAGCTTTCGATCGCTAGGGACTAGCGGTGGCTACACCTTC,0.00098,TRBV13*01,TRBJ1-2*01,TRBD2*01,1
CASSFSLGQIGSYNEQFF,TGTGCCAGCAGTTTCTCATTGGGACAGATTGGCTCCTACAATGAGCAGTTCTTC,0.05309,TRBV12-4*02,TRBJ2-1*01,TRBD1*01,1
CASSGQHYYEQYF,TGTGCCAGCAGCGGGCAGCATTATTACGAGCAGTACTTC,0.04517,TRBV4-2*01,TRBJ2-7*01,TRBD2*02,1
CASSLLAGEETQYF,TGTGCCAGCAGTTTACTAGCGGGAGAAGAGACCCAGTACTTC,0.02133,TRBV12-4*02,TRBJ2-5*01,TRBD2*02,1
CASSRQNRGLAGGSYEQYF,TGTGCCAGCAGTCGCCAGAATAGGGGACTAGCGGGAGGTTCCTACGAGCAGTACTTC,0.04517,TRBV2*01,TRBJ2-7*01,TRBD2*02,1
CSATGEQTSTSRIYNEQFF,TGCAGTGCTACCGGTGAACAGACTAGCACTAGTCGGATCTACAATGAGCAGTTCTTC,3.0e-5,TRBV20-1*04,TRBJ2-1*01,TRBD2*02,1
CSARHGRYGYTF,TGCAGTGCTAGGCACGGTAGATATGGCTACACCTTC,0.0,TRBV20/OR9-2*01,TRBJ1-2*01,TRBD2*02,1
CASNTHDGTSGGGANVLTF,TGCGCCAGCAATACTCATGATGGGACTAGCGGGGGGGGAGCCAACGTCCTGACTTTC,0.0,TRBV5-1*01,TRBJ2-6*01,TRBD2*01,1
CASSGTTAYGYTF,TGTGCCAGCAGTGGAACCACAGCATATGGCTACACCTTC,0.00098,TRBV6-1*01,TRBJ1-2*01,None,1
CATSHRGTGELFF,TGTGCCACCAGCCACAGGGGTACCGGGGAGTTGTTTTTT,0.00027,TRBV15*01,TRBJ2-2*01,TRBD2*01,1
CATSRDGNLTSVRKGELFF,TGTGCCACCAGCAGAGATGGGAATCTGACTAGCGTACGTAAAGGGGAGCTGTTTTTT,0.00027,TRBV15*01,TRBJ2-2*01,TRBD2*01,1
CASSLVISGSYNSPLHF,TGTGCCAGCAGCTTAGTAATTAGCGGGAGCTATAATTCACCCCTCCACTTT,0.00183,TRBV7-8*01,TRBJ1-6*01,TRBD2*02,1
CASSVRSSGTSGDTEAFF,TGTGCCAGCAGCGTACGAAGCTCTGGGACTAGCGGGGATACTGAAGCTTTCTTT,0.01464,TRBV14*02,TRBJ1-1*01,TRBD2*01,1
CASSQWLGINKLSYNEQFF,TGTGCCAGCAGCCAATGGCTTGGCATCAACAAACTATCCTACAATGAGCAGTTCTTC,0.05309,TRBV14*01,TRBJ2-1*01,None,1
CASSQGPDGNYGYTF,TGTGCCAGCAGCCAAGGTCCTGACGGAAACTATGGCTACACCTTC,0.00098,TRBV14*01,TRBJ1-2*01,None,1
CASSLSTSGGGYGYTF,TGTGCCAGCAGCTTATCGACTAGCGGGGGGGGCTATGGCTACACCTTC,0.00098,TRBV7-3*01,TRBJ1-2*01,TRBD2*01,1
CASSLDFSGGQNYGYTF,TGTGCCAGCAGTTTAGATTTTAGCGGGGGCCAGAACTATGGCTACACCTTC,0.00098,TRBV27*01,None,TRBD2*01,1
CASTTSGDPRSDTQYF,TGTGCCAGCACAACTAGCGGGGATCCACGGTCAGATACGCAGTATTTT,0.0008,TRBV5-6*01,TRBJ2-3*01,TRBD2*01,1
CASSLREADAKNIQYF,TGTGCCAGCAGCCTGCGGGAGGCGGATGCCAAAAACATTCAGTACTTC,0.00106,TRBV7-6*02,TRBJ2-4*01,TRBD2*02,1
CASSGDRTGGDLNTEAFF,TGCGCCAGCAGCGGGGACCGGACAGGGGGCGATCTAAACACAGAAGCTTTCTTT,0.01464,TRBV5-1*01,TRBJ1-1*01,TRBD1*01,1
CASSFHRGLAGGPQPQHF,TGTGCCAGCAGCTTTCATAGAGGACTAGCGGGGGGCCCGCAGCCCCAGCATTTT,0.0057,TRBV7-2*01,TRBJ1-5*01,TRBD2*01,1
CASSLARRIPGGSYNEQFF,TGTGCCAGCAGCTTAGCGAGACGTATCCCAGGGGGGTCCTACAATGAGCAGTTCTTC,0.05309,TRBV7-8*01,TRBJ2-1*01,TRBD2*01,1
CASSTTSEDYGYTF,TGCGCCAGCAGCACAACTAGCGAAGACTATGGCTACACCTTC,0.00098,TRBV4-1*02,TRBJ1-2*01,TRBD2*02,1
CATSSVQTQYF,TGTGCCACCAGCAGCGTGCAGACCCAGTACTTC,0.00034,TRBV15*01,TRBJ2-5*01,None,1
CATSDLGQVVTEAFF,TGTGCCACCAGTGATTTGGGACAGGTCGTCACTGAAGCTTTCTTT,0.00024,TRBV24-1*02,TRBJ1-1*01,TRBD1*01,1
CASSDTSGNNQPQHF,TGTGCCAGCAGTGATACTAGCGGAAACAATCAGCCCCAGCATTTT,0.0057,TRBV2*01,TRBJ1-5*01,TRBD2*02,1
CSVKRNIQYF,TGCAGCGTGAAGCGGAACATTCAGTACTTC,0.0,TRBV29-1*01,TRBJ2-4*01,None,1
CASSIVAEAATDTQYF,TGTGCCAGTAGTATAGTGGCAGAAGCGGCCACAGATACGCAGTATTTT,0.02133,TRBV19*02,TRBJ2-3*01,TRBD2*02,1
CASSLIAWTGEQYF,TGTGCCAGCAGCCTCATTGCTTGGACAGGCGAGCAGTACTTC,0.04517,TRBV14*01,TRBJ2-7*01,TRBD1*01,1
CASSQVMGGYYGYTF,TGCGCCAGCAGCCAAGTGATGGGGGGTTACTATGGCTACACCTTC,0.00098,TRBV4-3*01,TRBJ1-2*01,TRBD2*01,1
CASSHSYAGEAVGYTF,TGTGCCAGCAGTCATTCGTATGCGGGGGAGGCTGTTGGCTACACCTTC,0.00098,TRBV6-6*04,TRBJ1-2*01,TRBD2*01,1
CASSCESGTERRGYTF,TGTGCCAGCAGTTGCGAGAGCGGGACCGAGCGCCGGGGCTACACCTTC,0.00098,TRBV6-5*01,TRBJ1-2*01,TRBD2*01,1
CASSLHEAGSCAYEQYF,TGTGCCAGCAGCTTACATGAGGCGGGGAGTTGCGCCTACGAGCAGTACTTC,0.04517,TRBV13*01,TRBJ2-7*01,TRBD2*01,1
CASSMTGPYNEQFF,TGTGCCAGTAGTATGACAGGGCCCTACAATGAGCAGTTCTTC,0.05309,TRBV19*02,TRBJ2-1*01,TRBD1*01,1
CASSEFAQGATDTQYF,TGTGCCAGCAGTGAATTCGCTCAGGGGGCAACAGATACGCAGTATTTT,0.02133,TRBV25-1*01,None,TRBD1*01,1
CSVPATSGTAIEQYF,TGCAGCGTTCCCGCGACTAGCGGGACGGCGATCGAGCAGTACTTC,0.0,TRBV29-1*02,TRBJ2-7*01,TRBD2*02,1
CASSIIITTRINEQFF,TGTGCCAGTAGTATAATTATAACGACGCGTATCAATGAGCAGTTCTTC,0.05309,TRBV19*02,TRBJ2-1*01,None,1
CATSLAGIYNSPLHF,TGTGCCACCAGCCTAGCGGGGATCTATAATTCACCCCTCCACTTT,3.0e-5,TRBV15*01,TRBJ1-6*01,TRBD2*01,1
CATSILAGGTQYF,TGTGCCACCAGCATACTAGCGGGAGGGACCCAGTACTTC,0.00034,TRBV15*01,TRBJ2-5*01,TRBD2*02,1
CASSWAGGIRYHYGYTF,TGTGCCAGCAGCTGGGCGGGGGGCATACGGTACCACTATGGCTACACCTTC,0.00098,TRBV7-9*01,TRBJ1-2*01,TRBD2*01,1
CASSLKQARSYEQYF,TGTGCCAGCAGTCTAAAGCAGGCACGGTCCTACGAGCAGTACTTC,0.04517,TRBV12-4*01,TRBJ2-7*01,TRBD2*01,1
CASSRILAGSRIEQYF,TGTGCCAGCAGTCGAATTCTAGCGGGGTCTCGCATAGAGCAGTACTTC,0.04517,TRBV3-1*01,None,TRBD2*01,1
CASSLAGQGDGELFF,TGTGCCAGCAGCTTAGCGGGACAGGGGGACGGGGAGCTGTTTTTT,0.01707,TRBV7-2*02,TRBJ2-2*01,TRBD2*01,1
CASSIGGLADQPQHF,TGCGCCAGCAGCATCGGGGGACTAGCGGATCAGCCCCAGCATTTT,0.0057,TRBV5-1*01,TRBJ1-5*01,TRBD2*02,1
CASSTSSGGGGTGELFF,TGTGCCAGCAGCACATCTAGCGGGGGGGGAGGCACCGGGGAGCTGTTTTTT,0.01707,TRBV7-9*04,TRBJ2-2*01,TRBD2*01,1
CSALHEGGTGKVNNYGYTF,TGCAGTGCTCTGCACGAGGGTGGGACAGGGAAGGTCAATAACTATGGCTACACCTTC,0.0,TRBV20-1*04,TRBJ1-2*01,TRBD1*01,1
CAWDNRGYTF,TGTGCCTGGGACAACCGTGGCTACACCTTC,0.0,TRBV30*05,TRBJ1-2*01,TRBD1*01,1
CSARALAGPAYNEQFF,TGCAGTGCTAGAGCACTAGCGGGGCCAGCCTACAATGAGCAGTTCTTC,0.00016,TRBV20/OR9-2*03,TRBJ2-1*01,TRBD2*01,1
CASSLGDSGHTYNEQFF,TGTGCCAGCAGCTTGGGTGATAGCGGGCATACCTACAATGAGCAGTTCTTC,0.05309,TRBV7-9*01,TRBJ2-1*01,TRBD2*01,1
CASSSSETSGVNNTGELFF,TGTGCCAGCAGCTCGTCGGAGACTAGCGGGGTAAACAACACCGGGGAGCTGTTTTTT,0.01707,TRBV7-8*03,TRBJ2-2*01,TRBD2*01,1
CASSFIRGRMSVTGELFF,TGTGCCAGCAGTTTCATTAGGGGGCGTATGAGTGTCACCGGGGAGCTGTTTTTT,0.01707,TRBV27*01,TRBJ2-2*01,TRBD2*01,1
CATSRASGGWLAAYEQYF,TGTGCCACCAGCAGAGCTAGCGGGGGTTGGTTGGCTGCCTACGAGCAGTACTTC,0.00073,TRBV15*02,TRBJ2-7*01,TRBD2*01,1
CASRYNPPASGNQPQHF,TGTGCCAGCAGATATAATCCACCAGCGAGTGGCAATCAGCCCCAGCATTTT,0.00106,TRBV7-9*02,None,TRBD2*01,1
CASSLSSPQGAFYGYTF,TGTGCCAGCAGTTTGAGTTCTCCACAGGGGGCATTCTATGGCTACACCTTC,0.00098,TRBV27*01,TRBJ1-2*01,TRBD2*01,1
CASSLAGTSGAHEQYF,TGTGCCAGCAGCTTGGCAGGGACTAGCGGGGCACACGAGCAGTACTTC,0.04517,TRBV5-5*01,TRBJ2-7*01,TRBD2*01,1
CASSLAGKGHYATEAFF,TGTGCCAGCAGTTTAGCCGGTAAGGGACACTACGCGACTGAAGCTTTCTTT,0.01464,TRBV12-4*01,TRBJ1-1*01,TRBD2*02,1
CSARLYSCGAHTEAFF,TGCAGTGCTAGACTGTACAGTTGCGGGGCCCACACTGAAGCTTTCTTT,4.0e-5,TRBV20-1*07,TRBJ1-1*01,TRBD2*01,1
CASSLTGVTSGRSTDTQYF,TGTGCCAGCAGCTTAACGGGAGTGACTAGCGGGAGAAGCACAGATACGCAGTATTTT,0.02133,TRBV7-9*02,None,TRBD2*02,1
CASSNDSANEQFF,TGTGCCAGTAGTAACGACAGTGCTAATGAGCAATTCTTC,0.05309,TRBV19*02,TRBJ2-1*01,None,1
CASSYSGQGAGYTF,TGTGCCAGCAGTTACTCGGGACAGGGGGCTGGCTACACCTTC,0.00098,TRBV6-3*01,TRBJ1-2*01,TRBD1*01,1
CASSLVGNTEAFF,TGTGCCAGCAGTTTAGTGGGGAACACTGAAGCTTTCTTT,0.01464,TRBV12-3*01,TRBJ1-1*01,None,1
CASSQEKDRGVIDGYTF,TGCGCCAGCAGCCAAGAGAAGGACAGGGGCGTGATTGATGGCTACACCTTC,0.00098,TRBV4-3*01,TRBJ1-2*01,TRBD1*01,1
CASSQEQYLDNQPQHF,TGTGCCAGCAGCCAAGAACAGTACTTAGACAATCAGCCCCAGCATTTT,0.0057,TRBV14*01,TRBJ1-5*01,None,1
CASSLHRGYSNTVAFF,TGCGCCAGCAGCTTACACAGGGGATACTCCAACACTGTAGCTTTCTTT,0.00051,TRBV5-1*01,TRBJ1-1*01,TRBD1*01,1
CSVEEGQALDNQPQHF,TGCAGCGTTGAAGAAGGACAGGCGCTAGACAATCAGCCCCAGCATTTT,0.0,TRBV29-1*01,TRBJ1-5*01,TRBD1*01,1
CASSLATSGKVSYNEQFF,TGTGCCAGCAGCTTAGCAACTAGCGGGAAAGTGTCCTACAATGAGCAGTTCTTC,0.05309,TRBV7-2*01,TRBJ2-1*01,TRBD2*02,1
CASSGNSEAFF,TGTGCCAGCAGCGGCAACTCTGAAGCTTTCTTT,0.01464,TRBV6-6*01,TRBJ1-1*01,None,1
CASSRDRLDGCSTDTQYF,TGCGCCAGCAGCAGGGACAGGCTGGATGGATGCAGCACAGATACGCAGTATTTT,0.02133,TRBV5-1*01,TRBJ2-3*01,TRBD2*02,1
CASSIVGVRGTFETQYF,TGTGCCAGTAGTATTGTCGGAGTCAGGGGAACCTTTGAGACCCAGTACTTC,0.02133,TRBV19*01,TRBJ2-5*01,TRBD2*01,1
CSVTLLAGAQTYEQYF,TGCAGCGTTACTCTACTAGCGGGAGCACAGACCTACGAGCAGTACTTC,0.0,TRBV29-1*02,TRBJ2-7*01,TRBD2*02,1
CASSAELTSGKHLIDTQYF,TGTGCCAGCAGCGCTGAGCTCACTAGCGGCAAGCATTTAATAGATACGCAGTATTTT,0.02133,TRBV4-2*01,TRBJ2-3*01,TRBD2*02,1
CASSQSPEREGNEQFF,TGCGCCAGCAGCCAATCCCCCGAGCGGGAGGGCAATGAGCAGTTCTTC,0.05309,TRBV4-1*01,TRBJ2-1*01,TRBD2*02,1
CASSRQGVQPGGNQPQHF,TGTGCCAGCAGCCGACAGGGGGTTCAACCCGGTGGCAATCAGCCCCAGCATTTT,0.0057,TRBV14*01,None,TRBD2*01,1
CASSYSLNTLAASYNSPLHF,TGTGCCAGCAGTTACTCGCTGAATACACTAGCGGCGTCCTATAATTCACCCCTCCACTTT,0.00183,TRBV6-2*01,TRBJ1-6*01,None,1
CASSLAWTPRGRAQNNEQFF,TGTGCCAGCAGCTTAGCTTGGACCCCACGAGGGCGGGCACAAAACAATGAGCAGTTCTTC,0.05309,TRBV7-8*02,TRBJ2-1*01,TRBD2*02,1
CASSFQRTDTQYF,TGTGCCAGCAGCTTCCAGAGGACAGATACGCAGTATTTT,0.02133,TRBV7-9*02,None,None,1
CASSYANLRDRGHNEKLFF,TGTGCCAGCAGTTACGCAAACCTCAGAGACAGGGGCCATAATGAAAAACTGTTTTTT,0.00188,TRBV6-2*01,None,TRBD1*01,1
CAWSDAYALLGYTF,TGTGCCTGGAGTGATGCTTATGCGCTTCTTGGCTACACCTTC,1.0e-5,TRBV30*03,TRBJ1-2*01,None,1
CASSLAGKRDRGTGELFF,TGTGCCAGCAGTTTAGCAGGCAAGAGGGACAGGGGGACTGGGGAGCTGTTTTTT,0.01707,TRBV12-4*01,None,TRBD2*01,1
CASSSNCLPSGNTIYF,TGTGCCAGCAGTAGCAATTGCCTACCCAGTGGAAACACCATATATTTT,0.0009,TRBV27*01,TRBJ1-3*01,None,1
CASRNSGIFSSTDTQYF,TGTGCCAGCAGGAATAGCGGGATCTTCAGCAGCACAGATACGCAGTATTTT,0.00396,TRBV5-5*01,None,TRBD2*02,1
CASSVSGGPNEQFF,TGTGCCAGTAGTGTAAGCGGGGGGCCAAATGAGCAGTTCTTC,0.05309,TRBV19*01,TRBJ2-1*01,TRBD2*01,1
CASSLAGTDTQYF,TGTGCCAGCAGCTTAGCGGGCACAGATACGCAGTATTTT,0.02133,TRBV5-8*01,TRBJ2-3*01,TRBD2*02,1
CASSEARTSGELCNEQFF,TGTGCCAGCAGTGAAGCTAGGACTAGCGGGGAGTTATGCAATGAGCAGTTCTTC,0.05309,TRBV2*01,TRBJ2-1*01,TRBD2*01,1
CASSLRVLEAFF,TGTGCCAGCAGCTTAAGGGTACTTGAAGCTTTCTTT,0.01464,TRBV7-8*01,TRBJ1-1*01,None,1
CASSLVAGSTEAFF,TGTGCCAGCAGCTTAGTAGCGGGCAGCACTGAAGCTTTCTTT,0.01464,TRBV11-2*01,TRBJ1-1*01,TRBD2*02,1
CASRVNTSSNEQFF,TGTGCCAGCAGAGTCAACACAAGCTCCAATGAGCAGTTCTTC,0.00986,TRBV6-4*02,TRBJ2-1*01,None,1
CASSIVAGAMSNTEAFF,TGTGCCAGTAGTATCGTAGCGGGCGCCATGAGTAACACTGAAGCTTTCTTT,0.01464,TRBV19*03,TRBJ1-1*01,TRBD2*02,1
CASSLGAPADTQYF,TGTGCCAGCAGCTTAGGCGCTCCGGCAGATACGCAGTATTTT,0.02133,TRBV7-9*03,TRBJ2-3*01,TRBD2*02,1
CASSRNPALAGYDEQYF,TGTGCCAGCAGCCGAAATCCCGCACTAGCGGGGTACGACGAGCAGTACTTC,0.04517,TRBV4-2*01,TRBJ2-7*01,TRBD2*01,1
CASSLYPSGDGELFF,TGTGCCAGCAGTTTATATCCTAGCGGAGACGGGGAGCTGTTTTTT,0.01707,TRBV28*01,TRBJ2-2*01,TRBD2*01,1
CASSGPSNSPLHF,TGTGCCAGCAGTGGACCCAGTAATTCACCCCTCCACTTT,0.00183,TRBV2*01,TRBJ1-6*01,None,1
CASSHSSGEDTQYF,TGCGCCAGCAGCCACAGTAGCGGGGAAGATACGCAGTATTTT,0.02133,TRBV4-3*01,TRBJ2-3*01,TRBD2*01,1
CASSYWTGVSISTDTQYF,TGTGCCAGCAGTTACTGGACAGGGGTTTCAATCAGCACAGATACGCAGTATTTT,0.02133,TRBV6-2*01,TRBJ2-3*01,TRBD1*01,1
CASSLSTVIAGGNEKLFF,TGTGCCAGCAGTTTATCTACAGTGATAGCGGGGGGGAATGAAAAACTGTTTTTT,0.00188,TRBV27*01,None,TRBD2*01,1
CASSLLAGTDNEQFF,TGTGCCAGCAGCTTACTAGCGGGCACTGACAATGAGCAGTTCTTC,0.05309,TRBV7-9*03,TRBJ2-1*01,TRBD2*01,1
CASSIEEFSAYNEQFF,TGTGCCAGTAGTATAGAGGAGTTTAGCGCCTACAATGAGCAGTTCTTC,0.05309,TRBV19*02,None,TRBD2*02,1
CASSLTSDSTQYF,TGTGCCAGCAGCCTAACTAGCGATAGCACCCAGTACTTC,0.02133,TRBV7-9*04,TRBJ2-5*01,TRBD2*02,1
CASSEGLAGPTYYEQYF,TGTGCCAGCAGTGAAGGACTAGCGGGCCCTACTTACTACGAGCAGTACTTC,0.04517,TRBV6-1*01,TRBJ2-7*01,TRBD2*01,1
CASSRAHTDTQYF,TGCGCCAGCAGTAGAGCCCATACAGATACGCAGTATTTT,0.02133,TRBV10-1*01,TRBJ2-3*01,None,1
CATSWVKMLAGGPTGELFF,TGTGCCACCAGTTGGGTAAAGATGCTAGCGGGGGGTCCCACCGGGGAGCTGTTTTTT,0.00027,TRBV24-1*01,TRBJ2-2*01,TRBD2*01,1
CASSGPSNSPLHF,TGTGCCAGCAGTGGACCCAGTAATTCACCCCTCCACTTT,0.00183,TRBV6-3*01,TRBJ1-6*01,None,1
CAISEFGLASYNEQFF,TGTGCCATCAGTGAGTTCGGACTAGCGTCCTACAATGAGCAGTTCTTC,0.0004,TRBV10-3*01,TRBJ2-1*01,TRBD2*02,1
CATSRHDWYLAGGLNINTGELFF,TGTGCCACCAGCAGACATGATTGGTATCTAGCGGGAGGGCTGAATATTAACACCGGGGAGCTGTTTTTT,0.00027,TRBV15*01,TRBJ2-2*01,TRBD2*02,1
CSARVTSGGRTGELFF,TGCAGTGCTAGGGTGACTAGCGGGGGGCGCACCGGGGAGCTGTTTTTT,5.0e-5,TRBV20-1*07,TRBJ2-2*01,TRBD2*01,1
CSAPLASIPSGELFF,TGCAGTGCTCCACTAGCGAGCATACCGTCCGGGGAGCTGTTTTTT,0.0,TRBV20/OR9-2*01,TRBJ2-2*01,TRBD2*01,1
CASRHVDSKRGELFF,TGTGCCAGCAGACACGTCGACAGCAAGCGCGGGGAGCTGTTTTTT,0.00317,TRBV28*01,TRBJ2-2*01,TRBD2*01,1
CASSLAACTDTQYF,TGTGCCAGCAGCTTAGCGGCCTGCACAGATACGCAGTATTTT,0.02133,TRBV5-4*01,TRBJ2-3*01,TRBD2*02,1
CASRKESYNEQFF,TGTGCCAGCAGAAAGGAATCCTACAATGAGCAGTTCTTC,0.00986,TRBV6-3*01,TRBJ2-1*01,None,1
CASSLTGVSGMNTEAFF,TGTGCCAGCAGTTTAACAGGGGTGAGTGGGATGAACACTGAAGCTTTCTTT,0.01464,TRBV12-4*02,TRBJ1-1*01,TRBD2*01,1
CASSLGSSTGELETPYNEQFF,TGTGCCAGCAGTTTAGGGTCATCGACAGGGGAACTCGAGACGCCCTACAATGAGCAGTTCTTC,0.05309,TRBV12-3*01,TRBJ2-1*01,TRBD1*01,1
CASSPPGLAGIEAFF,TGTGCCAGCTCACCACCAGGACTAGCGGGGATTGAAGCTTTCTTT,0.01464,TRBV18*01,TRBJ1-1*01,TRBD2*01,1
CSVSNGTGGLPVRNTIYF,TGCAGCGTCTCAAACGGGACAGGGGGCTTGCCGGTGAGAAACACCATATATTTT,0.0,TRBV29-1*01,TRBJ1-3*01,TRBD1*01,1
CASTVTSGRRSYGYTF,TGCGCCAGCACTGTCACTAGCGGGAGGCGTAGTTATGGCTACACCTTC,4.0e-5,TRBV5-1*01,TRBJ1-2*01,TRBD2*02,1
CASSARRLADTGELFF,TGTGCCAGCAGCGCGAGACGACTAGCGGACACCGGGGAGCTGTTTTTT,0.01707,TRBV6-6*05,TRBJ2-2*01,TRBD2*01,1
CASSQDRVYNEQFF,TGTGCCAGCAGCCAGGACAGGGTCTACAATGAGCAGTTCTTC,0.05309,TRBV11-2*01,TRBJ2-1*01,TRBD1*01,1
CASSIVSGTRTQYF,TGTGCCAGTAGTATCGTTAGCGGGACGAGGACCCAGTACTTC,0.02133,TRBV19*01,TRBJ2-5*01,TRBD2*02,1
CASSLKSPTGQRISYNEQFF,TGTGCCAGCAGTTTAAAGTCGCCGACAGGGCAGCGGATATCCTACAATGAGCAGTTCTTC,0.05309,TRBV28*01,TRBJ2-1*01,TRBD1*01,1
CASSARQYQPQHF,TGCGCCAGCAGCGCCCGTCAATATCAGCCCCAGCATTTT,0.0057,TRBV4-3*03,TRBJ1-5*01,None,1
CASSFPLAGAIYGYTF,TGTGCCAGCAGCTTCCCACTAGCGGGTGCCATCTATGGCTACACCTTC,0.00098,TRBV5-4*01,TRBJ1-2*01,TRBD2*01,1
CASSLLGTNQPQHF,TGTGCCAGCAGCTTACTGGGGACCAATCAGCCCCAGCATTTT,0.0057,TRBV7-8*02,TRBJ1-5*01,None,1
CASSLDMSQGAYGYTF,TGTGCCAGCAGTTTAGATATGAGTCAGGGGGCCTATGGCTACACCTTC,0.00098,TRBV12-3*01,TRBJ1-2*01,TRBD2*01,1
CASSCQGGLAHTEAFF,TGTGCCAGCAGTTGCCAGGGAGGACTAGCGCACACTGAAGCTTTCTTT,0.01464,TRBV28*01,TRBJ1-1*01,TRBD2*02,1
CASSQVQLKGTSNQPQHF,TGCGCCAGCAGCCAAGTCCAACTAAAAGGAACAAGCAATCAGCCCCAGCATTTT,0.0057,TRBV4-1*01,None,None,1
CASSPAAEQDTQYF,TGTGCCAGCTCACCAGCGGCAGAGCAAGATACGCAGTATTTT,0.02133,TRBV18*01,TRBJ2-3*01,TRBD2*02,1
CASSVPVPGLAYNEQFF,TGTGCCAGTAGTGTCCCGGTCCCCGGACTAGCGTACAATGAGCAGTTCTTC,0.05309,TRBV19*02,TRBJ2-1*01,TRBD2*02,1
CARRGGETEQYF,TGTGCCCGCAGAGGCGGTGAGACCGAGCAGTACTTC,4.0e-5,TRBV27*01,TRBJ2-7*01,None,1
CASSLGITAGGRRITDTQYF,TGTGCCAGCAGCTTAGGGATTACAGCGGGGGGGCGAAGAATCACAGATACGCAGTATTTT,0.02133,TRBV7-8*01,TRBJ2-3*01,TRBD2*01,1
CASSIDTNTSGELFF,TGTGCCAGTAGTATAGACACCAATACGTCCGGGGAGCTGTTTTTT,0.01707,TRBV19*02,None,TRBD2*01,1
CASRYLTSGRISYEQYF,TGTGCCAGCAGATACCTGACTAGCGGGAGGATCTCCTACGAGCAGTACTTC,0.00839,TRBV6-7*01,TRBJ2-7*01,TRBD2*02,1
CASSFPMASGTYRPYEQYF,TGTGCCAGCAGTTTCCCTATGGCTAGCGGGACCTACCGACCCTACGAGCAGTACTTC,0.04517,TRBV12-4*02,TRBJ2-7*01,TRBD2*02,1
CASSHKCTWTSGYQETQYF,TGTGCCAGCAGCCACAAATGTACGTGGACTAGCGGCTACCAAGAGACCCAGTACTTC,0.02133,TRBV14*01,TRBJ2-5*01,TRBD2*02,1
CSARDFTGQEGAETQYF,TGCAGTGCTAGAGACTTCACTGGACAGGAGGGCGCAGAGACCCAGTACTTC,6.0e-5,TRBV20/OR9-2*03,TRBJ2-5*01,TRBD2*02,1
CASREETQTSGDTNEQFF,TGTGCCAGCAGGGAAGAAACTCAGACTAGCGGGGACACCAATGAGCAGTTCTTC,0.00986,TRBV7-9*02,TRBJ2-1*01,TRBD2*01,1
CASSEWGQSTDTQYF,TGCGCCAGCAGTGAGTGGGGACAGAGCACAGATACGCAGTATTTT,0.02133,TRBV10-1*01,TRBJ2-3*01,TRBD1*01,1
CASSYYQHRTDTQYF,TGTGCCAGCAGCTACTATCAACATCGCACAGATACGCAGTATTTT,0.02133,TRBV7-6*01,TRBJ2-3*01,None,1
CASSEGYTSGGVNQPQHF,TGTGCCAGCAGTGAAGGTTATACTAGCGGGGGGGTCAATCAGCCCCAGCATTTT,0.0057,TRBV2*01,TRBJ1-5*01,TRBD2*01,1
CASSVGLAGASGANVLTF,TGTGCCAGCAGTGTAGGACTAGCGGGTGCATCTGGGGCCAACGTCCTGACTTTC,0.0002,TRBV25-1*01,TRBJ2-6*01,TRBD2*01,1
CSVGQGWYEQYF,TGCAGCGTTGGACAGGGATGGTACGAGCAGTACTTC,0.0,TRBV29-1*02,TRBJ2-7*01,TRBD1*01,1
CASSLYFSCNTEAFF,TGTGCCAGCAGCTTATACTTTTCCTGTAACACTGAAGCTTTCTTT,0.01464,TRBV11-3*01,TRBJ1-1*01,None,1
CASRGGLSTDTQYF,TGTGCCAGCAGAGGGGGCTTAAGCACAGATACGCAGTATTTT,0.00396,TRBV27*01,TRBJ2-3*01,TRBD2*01,1
CASSLFRGSYNEQFF,TGTGCCAGCAGCTTATTCAGGGGGTCCTACAATGAGCAGTTCTTC,0.05309,TRBV11-2*01,None,TRBD2*01,1
CASSQDSQVRTLNQPQHF,TGCGCCAGCAGCCAAGATAGCCAGGTACGGACATTAAATCAGCCCCAGCATTTT,0.0057,TRBV4-3*01,TRBJ1-5*01,TRBD2*02,1
CASSFFRDIYIEQYF,TGTGCCAGCAGCTTCTTCAGGGACATCTACATCGAGCAGTACTTC,0.04517,TRBV5-5*01,TRBJ2-7*01,None,1
CASRAGIYGYTF,TGTGCCAGCAGAGCGGGAATCTATGGCTACACCTTC,0.00018,TRBV21-1*02,TRBJ1-2*01,TRBD2*02,1
CASSLLYPFLALCLEQYF,TGTGCCAGCAGTTTATTATACCCTTTCTTAGCGTTGTGTCTCGAGCAGTACTTC,0.04517,TRBV28*01,None,TRBD2*02,1
CSATSGRGHNEQFF,TGCAGTGCTACTAGCGGGAGGGGTCACAATGAGCAGTTCTTC,3.0e-5,TRBV20/OR9-2*01,TRBJ2-1*01,TRBD2*02,1
CSASSCGYEQYF,TGCAGTGCTAGCTCGTGCGGATACGAGCAGTACTTC,0.00074,TRBV20-1*01,TRBJ2-7*01,TRBD2*02,1
CAWPYTLAGCRKNIQYF,TGTGCCTGGCCGTACACACTAGCGGGGTGTCGCAAAAACATTCAGTACTTC,0.0,TRBV30*05,TRBJ2-4*01,TRBD2*01,1
CASSKRQRGRPPTQYF,TGTGCCAGCAGCAAGCGACAGCGGGGGCGCCCTCCCACCCAGTACTTC,0.02133,TRBV2*03,TRBJ2-5*01,TRBD2*01,1
CSALKGTSANEQFF,TGCAGTGCTCTAAAAGGGACTAGCGCCAATGAGCAGTTCTTC,1.0e-5,TRBV20-1*02,TRBJ2-1*01,TRBD2*02,1
CASSQEAASIDTGELFF,TGCGCCAGCAGCCAAGAGGCAGCGTCGATCGACACCGGGGAGCTGTTTTTT,0.01707,TRBV4-1*01,TRBJ2-2*01,TRBD2*01,1
CASSLCWLLAADTQYF,TGTGCCAGCAGTTTATGCTGGCTTCTAGCGGCAGATACGCAGTATTTT,0.02133,TRBV28*01,TRBJ2-3*01,TRBD2*02,1
CSASLQPSGRNSYEQYF,TGCAGTGCTTCTTTACAGCCTAGCGGGAGAAACTCATACGAGCAGTACTTC,0.00074,TRBV20-1*06,TRBJ2-7*01,TRBD2*02,1
CASSLGLAGPWSDTQYF,TGTGCCAGCAGCCTGGGACTAGCGGGCCCTTGGTCAGATACGCAGTATTTT,0.02133,TRBV7-9*03,TRBJ2-3*01,TRBD2*01,1
CASSLCGQNYGYTF,TGTGCCAGCAGCTTGTGCGGACAGAACTATGGCTACACCTTC,0.00098,TRBV13*01,None,None,1
CASSFTSGYGYTF,TGTGCCAGCAGTTTTACTAGCGGTTATGGCTACACCTTC,0.00098,TRBV6-3*01,TRBJ1-2*01,TRBD2*02,1
CASSDASERSYEQYF,TGTGCCAGCAGTGATGCAAGCGAACGGTCCTACGAGCAGTACTTC,0.04517,TRBV2*03,TRBJ2-7*01,TRBD2*01,1
CASSQDILAGPSLSGELFF,TGTGCCAGCAGCCAAGATATCCTAGCGGGGCCATCGCTCTCCGGGGAGCTGTTTTTT,0.01707,TRBV3-2*01,TRBJ2-2*01,TRBD2*01,1
CASRNTTAGICLAEKLFF,TGCGCCAGCAGGAATACCACGGCGGGGATATGTTTAGCTGAAAAACTGTTTTTT,0.00035,TRBV4-1*01,TRBJ1-4*01,TRBD2*01,1
CSVEELTGHGYTF,TGCAGCGTTGAAGAGTTAACAGGGCATGGCTACACCTTC,0.0,TRBV29-1*01,TRBJ1-2*01,TRBD1*01,1
CASSEKRNQPQHF,TGTGCCAGCAGTGAAAAGCGGAATCAGCCCCAGCATTTT,0.0057,TRBV2*02,TRBJ1-5*01,None,1
CSVTGGSRFHTGELFF,TGCAGCGTGACAGGGGGCTCTAGGTTTCACACCGGGGAGCTGTTTTTT,0.0,TRBV29-1*02,TRBJ2-2*01,TRBD2*01,1
CASSDWTGSYNEQFF,TGCGCCAGCAGCGACTGGACAGGGTCCTACAATGAGCAGTTCTTC,0.05309,TRBV5-1*01,TRBJ2-1*01,TRBD2*02,1
CSAPGTGGRNPVANVLTF,TGCAGTGCCCCTGGGACAGGGGGTAGGAACCCAGTGGCCAACGTCCTGACTTTC,0.0,TRBV20/OR9-2*03,None,TRBD1*01,1
CASSTITGGLVYGYTF,TGTGCCAGCAGTACCATAACGGGGGGCCTTGTATATGGCTACACCTTC,0.00098,TRBV2*01,TRBJ1-2*01,TRBD2*01,1
CSAARGQGNASEAFF,TGCAGTGCTGCGCGTGGACAGGGGAATGCCTCGGAAGCTTTCTTT,0.0,TRBV20-1*03,TRBJ1-1*01,TRBD1*01,1
CASSFASGRHLSYEQYF,TGTGCCAGCAGTTTTGCTAGCGGGAGGCATCTGAGCTACGAGCAGTACTTC,0.04517,TRBV28*01,TRBJ2-7*01,TRBD2*02,1
CASSLTRERYNEQFF,TGTGCCAGCAGTTTAACTAGAGAGCGATACAATGAGCAGTTCTTC,0.05309,TRBV12-4*01,TRBJ2-1*01,TRBD2*02,1
CASSLLCGTGGHDEAFF,TGTGCCAGCAGTTTATTGTGTGGAACAGGGGGCCATGACGAAGCTTTCTTT,0.01464,TRBV28*01,TRBJ1-1*01,TRBD1*01,1
CASSGSGRQHQPQHF,TGTGCCAGCAGTGGGAGCGGGCGCCAGCATCAGCCCCAGCATTTT,0.0057,TRBV6-4*01,TRBJ1-5*01,TRBD2*02,1
CASSELGTITHYEQYF,TGTGCCAGCAGTGAGCTGGGGACAATAACGCACTACGAGCAGTACTTC,0.04517,TRBV6-4*01,None,TRBD2*02,1
CASSYSLSYNEQFF,TGTGCCAGCAGCTACTCACTTTCCTACAATGAGCAGTTCTTC,0.05309,TRBV7-1*01,TRBJ2-1*01,None,1
CSVCGLADSEQYF,TGCAGCGTGTGTGGACTAGCGGACAGCGAGCAGTACTTC,0.0,TRBV29-1*02,TRBJ2-7*01,TRBD2*02,1
CASSKGDDYTF,TGTGCCAGCAGTAAGGGGGATGACTACACCTTC,0.0,TRBV6-5*01,TRBJ1-2*01,TRBD2*01,1
CASSDGTSVVSEAFF,TGCGCCAGCAGTGACGGGACTAGCGTGGTGTCTGAAGCTTTCTTT,0.01464,TRBV10-1*02,TRBJ1-1*01,TRBD2*01,1
CASSYWDRRDGYTF,TGTGCCAGCAGTTATTGGGACAGGCGGGATGGCTACACCTTC,0.00098,TRBV6-5*01,None,TRBD2*02,1
CASSDSTPREEPSDEQYF,TGTGCCAGCAGTGACTCTACCCCGCGGGAGGAGCCATCCGACGAGCAGTACTTC,0.04517,TRBV6-4*01,TRBJ2-7*01,TRBD2*02,1
CASSLIAWTGEQYF,TGTGCCAGCAGCCTCATTGCTTGGACAGGCGAGCAGTACTTC,0.04517,TRBV14*01,None,TRBD1*01,1
CASSEGHRGMHEKLFF,TGTGCCAGCAGTGAAGGGCACAGGGGGATGCATGAAAAACTGTTTTTT,0.00188,TRBV2*01,TRBJ1-4*01,TRBD1*01,1
CSVEEYVTTATNEKLFF,TGCAGCGTTGAAGAGTACGTTACAACGGCCACTAATGAAAAACTGTTTTTT,0.0,TRBV29-1*01,TRBJ1-4*01,None,1
CSVEKRYASNNEQFF,TGCAGCGTTGAAAAACGTTATGCGTCCAATAATGAGCAGTTCTTC,0.0,TRBV29-1*02,TRBJ2-1*01,None,1
CASSYWGSQPQHF,TGTGCCAGCAGTTATTGGGGATCTCAGCCCCAGCATTTT,0.0057,TRBV6-9*01,TRBJ1-5*01,None,1
CASSQGGSGQQTNEQFF,TGCGCCAGCAGCCAAGGGGGTAGCGGCCAGCAGACCAATGAGCAGTTCTTC,0.05309,TRBV4-1*02,TRBJ2-1*01,TRBD2*02,1
CASSEGTRSTLYEQYF,TGTGCCAGCAGTGAAGGCACCAGGAGTACGCTCTACGAGCAGTACTTC,0.04517,TRBV6-1*01,TRBJ2-7*01,None,1
CASSLSRGTTSEAFF,TGTGCCAGCAGTTTATCCAGGGGGACCACATCAGAAGCTTTCTTT,0.01464,TRBV27*01,TRBJ1-1*01,TRBD2*01,1
CSSGLAGGDEQYF,TGCAGTTCTGGACTAGCGGGAGGGGACGAGCAGTACTTC,0.00021,TRBV20-1*04,TRBJ2-7*01,TRBD2*02,1
CASSWRTGDGYTF,TGTGCCAGCAGTTGGCGGACGGGGGATGGCTACACCTTC,0.00098,TRBV6-6*02,TRBJ1-2*01,TRBD2*01,1
CASSLGTGGSGELFF,TGTGCCAGCAGCTTAGGCACAGGGGGCTCTGGGGAGCTGTTTTTT,0.01707,TRBV7-2*02,TRBJ2-2*01,TRBD2*01,1
CASSLGSTFYNEQFF,TGTGCCAGCAGCTTAGGATCGACTTTCTACAATGAGCAGTTCTTC,0.05309,TRBV7-9*02,TRBJ2-1*01,None,1
CASSPQGQPQHF,TGCGCCAGCAGCCCACAGGGGCAGCCCCAGCATTTT,0.0057,TRBV4-1*02,TRBJ1-5*01,TRBD1*01,1
CASSLLFSGGVESGANVLTF,TGTGCCAGCAGTTTACTATTTAGCGGGGGGGTTGAAAGTGGGGCCAACGTCCTGACTTTC,0.0002,TRBV12-4*02,TRBJ2-6*01,TRBD2*01,1
CASSLSSLGQGNSQETQYF,TGTGCCAGCAGTTTATCGTCATTGGGACAGGGAAACTCCCAAGAGACCCAGTACTTC,0.02133,TRBV27*01,TRBJ2-5*01,TRBD1*01,1
CSASQRLADTQYF,TGCAGTGCTAGTCAGCGCTTGGCAGATACGCAGTATTTT,0.00035,TRBV20-1*04,TRBJ2-3*01,TRBD2*02,1
CASSLVSLTSSVLNTGELFF,TGTGCCAGCAGTTTAGTGTCCTTGACATCTAGCGTTCTGAACACCGGGGAGCTGTTTTTT,0.01707,TRBV12-3*01,TRBJ2-2*01,TRBD2*01,1
CASSAYYRTSGGSHSTDTQYF,TGTGCCAGCAGCGCTTATTATCGGACTAGCGGGGGCTCCCATAGCACAGATACGCAGTATTTT,0.02133,TRBV7-8*01,None,TRBD2*01,1
CASSYLKSGVPDNEQFF,TGTGCCAGCAGCTATCTTAAAAGCGGGGTCCCCGACAATGAGCAGTTCTTC,0.05309,TRBV11-3*01,TRBJ2-1*01,TRBD2*01,1
CASSTMRWGNEKLFF,TGTGCCAGCAGTACCATGAGGTGGGGTAATGAAAAACTGTTTTTT,0.00188,TRBV12-3*01,TRBJ1-4*01,TRBD2*01,1
CASSLCGSYNEQFF,TGTGCCAGCAGTTTATGCGGCTCCTACAATGAGCAGTTCTTC,0.05309,TRBV12-3*01,TRBJ2-1*01,TRBD2*02,1
CASSLAPGQACYNEQFF,TGTGCCAGCAGCTTAGCGCCGGGACAGGCTTGTTACAATGAGCAGTTCTTC,0.05309,TRBV7-6*01,TRBJ2-1*01,TRBD2*01,1
CASSLSGQGANQTQYF,TGTGCCAGCAGCTTATCAGGACAGGGAGCGAACCAGACCCAGTACTTC,0.02133,TRBV7-6*01,TRBJ2-5*01,TRBD1*01,1
CASSSIDRGWGYGYTF,TGTGCCAGCAGTTCAATTGACAGGGGCTGGGGCTATGGCTACACCTTC,0.00098,TRBV28*01,TRBJ1-2*01,TRBD2*01,1
CAISRQGYEQYF,TGTGCCATCAGTAGACAGGGCTACGAGCAGTACTTC,0.00034,TRBV10-3*01,TRBJ2-7*01,TRBD1*01,1
CASSLDGCAGGDTQYF,TGTGCCAGCAGCTTAGATGGTTGCGCGGGGGGAGATACGCAGTATTTT,0.02133,TRBV11-2*03,TRBJ2-3*01,TRBD2*01,1
CASSLANGLANYGYTF,TGTGCCAGCAGCTTAGCTAATGGACTAGCGAACTATGGCTACACCTTC,0.00098,TRBV7-9*03,TRBJ1-2*01,TRBD2*02,1
CASSSGGDQPQHF,TGTGCCAGCAGTAGCGGGGGGGATCAGCCCCAGCATTTT,0.0057,TRBV2*01,TRBJ1-5*01,TRBD2*01,1
CASSGTGYQPQHF,TGTGCCAGCAGCGGGACAGGCTACCAGCCCCAGCATTTT,0.0057,TRBV2*02,None,TRBD2*02,1
CASSLEGTGPPKPEQYF,TGTGCCAGCAGCTTAGAAGGGACAGGGCCACCGAAGCCTGAGCAGTACTTC,0.04517,TRBV7-8*01,TRBJ2-7*01,TRBD1*01,1
CASSLTGNLPEAFF,TGTGCCAGCAGCTTGACCGGGAATCTTCCTGAAGCTTTCTTT,0.01464,TRBV11-2*01,TRBJ1-1*01,None,1
CASGTPGTSGAVTNEQFF,TGTGCTAGTGGAACACCAGGCACTAGCGGGGCCGTAACAAATGAGCAGTTCTTC,0.00185,TRBV12-5*01,TRBJ2-1*01,TRBD2*01,1
CRVEKKPGTSGREQYF,TGCCGCGTTGAAAAGAAGCCAGGGACTAGCGGGAGGGAGCAGTACTTC,0.0,TRBV29-1*02,TRBJ2-7*01,TRBD2*02,1
CASSLVRARGYTEAFF,TGCGCCAGCAGCTTGGTGAGAGCGCGGGGCTACACTGAAGCTTTCTTT,0.01464,TRBV5-1*01,TRBJ1-1*01,TRBD2*01,1
CASSSGRTHDNYGYTF,TGTGCCAGCAGTAGCGGGAGAACCCATGATAACTATGGCTACACCTTC,0.00098,TRBV25-1*01,TRBJ1-2*01,TRBD2*02,1
CSVDRLAGGSTHGEAFF,TGCAGCGTTGACAGACTAGCGGGGGGGAGTACCCACGGTGAAGCTTTCTTT,0.0,TRBV29-1*01,TRBJ1-1*01,TRBD2*01,1
CASSLEQRDTQYF,TGTGCCAGCAGCTTAGAACAGCGGGACACCCAGTACTTC,0.02133,TRBV7-9*03,TRBJ2-5*01,TRBD2*02,1
CASSLELAGSNSPLHF,TGTGCCAGCAGTTTAGAGCTAGCGGGATCAAATTCACCCCTCCACTTT,0.00183,TRBV12-3*01,TRBJ1-6*01,TRBD2*02,1
CASSITRLKAGTLGQTQYF,TGTGCCAGTAGTATAACAAGACTAAAAGCGGGGACGCTAGGACAGACCCAGTACTTC,0.02133,TRBV19*02,TRBJ2-5*01,TRBD2*01,1
CASSLGDSGHTYNEQFF,TGTGCCAGCAGCTTGGGTGATAGCGGGCATACCTACAATGAGCAGTTCTTC,0.05309,TRBV5-4*01,TRBJ2-1*01,TRBD2*01,1
CAISESTGVVYEQYF,TGTGCCATCAGTGAGTCAACAGGGGTGGTATACGAGCAGTACTTC,0.00034,TRBV10-3*02,TRBJ2-7*01,TRBD1*01,1
CATSQLAQGRYYYGYTF,TGTGCCACCAGCCAGCTCGCTCAGGGACGTTATTACTATGGCTACACCTTC,2.0e-5,TRBV15*02,TRBJ1-2*01,TRBD2*02,1
CAISEQPYEQYF,TGTGCCATCAGTGAACAGCCCTACGAGCAGTACTTC,0.00034,TRBV10-3*02,None,None,1
CASSLTQRNQPQHF,TGCGCCAGCAGCTTGACACAGCGGAATCAGCCCCAGCATTTT,0.0057,TRBV5-1*01,TRBJ1-5*01,None,1
CSVEEGSVSPYNEQFF,TGCAGCGTTGAAGAGGGGTCAGTATCACCCTACAATGAGCAGTTCTTC,0.0,TRBV29-1*01,TRBJ2-1*01,None,1
CASSLAHDDWTSGGRDTQYF,TGTGCCAGCAGCTTAGCTCATGATGATTGGACTAGCGGGGGGAGAGATACGCAGTATTTT,0.02133,TRBV7-8*02,TRBJ2-3*01,TRBD2*01,1
CASRTGGHEQYF,TGTGCCAGCAGAACAGGGGGACACGAGCAGTACTTC,0.00839,TRBV6-6*01,TRBJ2-7*01,TRBD1*01,1
CASSLQPRGTSGTETQYF,TGCGCCAGCAGCCTCCAGCCAAGGGGGACTAGCGGTACAGAGACCCAGTACTTC,0.02133,TRBV4-3*01,TRBJ2-5*01,TRBD2*02,1
CASSLGAIIDRRLTRYEQYF,TGCGCCAGCAGCTTGGGCGCCATAATTGACAGGCGCCTGACCCGCTACGAGCAGTACTTC,0.04517,TRBV5-1*01,TRBJ2-7*01,TRBD2*02,1
CASSQDVPTSGGPCPQPQHF,TGTGCCAGCAGCCAAGATGTTCCGACTAGCGGGGGGCCCTGTCCTCAGCCCCAGCATTTT,0.0057,TRBV14*01,TRBJ1-5*01,TRBD2*01,1
CASSSWRLDYGYTF,TGTGCCAGCAGTTCGTGGCGGTTAGATTATGGCTACACCTTC,0.00098,TRBV2*03,TRBJ1-2*01,None,1
CASSFWGLLWNEQFF,TGTGCCAGCAGTTTCTGGGGGTTATTATGGAATGAGCAGTTCTTC,0.05309,TRBV12-4*01,TRBJ2-1*01,TRBD2*01,1
CSVVAAGGRPEQYF,TGCAGCGTTGTCGCTGCGGGGGGTCGTCCCGAGCAGTACTTC,0.0,TRBV29-1*02,TRBJ2-7*01,TRBD2*01,1
CASSLRDEAFF,TGTGCCAGCAGTTTGCGGGATGAAGCTTTCTTT,0.01464,TRBV27*01,TRBJ1-1*01,TRBD2*02,1
CASRAGGSDEAFF,TGTGCCAGTAGAGCGGGGGGGAGTGATGAAGCTTTCTTT,0.00272,TRBV19*01,TRBJ1-1*01,TRBD2*01,1
CASSYLKERSAIQHGNTIYF,TGTGCCAGCAGTTACTTGAAAGAAAGGAGCGCTATACAACACGGAAACACCATATATTTT,0.0009,TRBV6-2*01,TRBJ1-3*01,TRBD2*02,1
CASSYLQLAGSSTDTQYF,TGTGCCAGCAGTTACTTACAACTAGCGGGATCCAGCACAGATACGCAGTATTTT,0.02133,TRBV6-5*01,None,TRBD2*02,1
CASSENFQSGRYNEQFF,TGTGCCAGCAGTGAAAATTTTCAAAGCGGGAGATACAATGAGCAGTTCTTC,0.05309,TRBV2*03,TRBJ2-1*01,TRBD2*02,1
CASSLCSGLAGGIDEQYF,TGTGCCAGCAGTTTATGCTCTGGACTAGCGGGAGGGATTGATGAGCAGTACTTC,0.04517,TRBV28*01,TRBJ2-7*01,TRBD2*02,1
CASSEMHIWTSGTETDEQYF,TGTGCCAGCAGTGAAATGCACATATGGACTAGCGGGACAGAGACTGACGAGCAGTACTTC,0.04517,TRBV25-1*01,TRBJ2-7*01,TRBD2*02,1
CASSLASRYEQYF,TGTGCCAGCAGCTTAGCCAGCAGATACGAGCAGTACTTC,0.04517,TRBV7-2*01,TRBJ2-7*01,None,1
CASSLAWSAGGYTF,TGTGCCAGCAGCTTAGCGTGGTCAGCGGGGGGCTACACCTTC,0.00098,TRBV7-2*01,TRBJ1-2*01,TRBD2*01,1
CATSRDAPCLTNTEAFF,TGTGCCACCAGCAGAGATGCGCCTTGTTTAACTAACACTGAAGCTTTCTTT,0.00024,TRBV15*01,TRBJ1-1*01,None,1
CASSGDLSLAGYNSPLHF,TGTGCCAGCAGTGGTGACTTAAGTCTAGCGGGCTATAATTCACCCCTCCACTTT,0.00183,TRBV2*01,TRBJ1-6*01,TRBD2*01,1
CASSIGGLAGPYNEQFF,TGTGCCAGTAGTATCGGAGGACTAGCGGGACCCTACAATGAGCAGTTCTTC,0.05309,TRBV19*02,TRBJ2-1*01,TRBD2*02,1
CASSLSSVTKNIQYF,TGTGCCAGCAGCTTGTCTAGCGTTACCAAAAACATTCAGTACTTC,0.00106,TRBV5-6*01,None,None,1
CASSSRVQAGYEQYF,TGTGCCAGCAGTTCGCGCGTTCAAGCGGGATACGAGCAGTACTTC,0.04517,TRBV28*01,TRBJ2-7*01,TRBD2*02,1
CATSRPLPYEQYF,TGTGCCACCAGCAGACCTTTACCCTACGAGCAGTACTTC,0.00073,TRBV15*01,None,None,1
CASSLGVSIGHTEQYF,TGTGCCAGCAGTTTAGGTGTATCCATCGGACACACCGAGCAGTACTTC,0.04517,TRBV27*01,TRBJ2-7*01,TRBD2*02,1
CASSQDRPLEAFF,TGTGCCAGCAGCCAAGACAGGCCCCTTGAAGCTTTCTTT,0.01464,TRBV3-1*01,TRBJ1-1*01,None,1
CSARESSGYQPQHF,TGCAGTGCTAGAGAGTCTAGCGGTTACCAGCCCCAGCATTTT,2.0e-5,TRBV20/OR9-2*01,TRBJ1-5*01,TRBD2*02,1
CASSEITSGADTQYF,TGTGCCAGCAGTGAAATTACTAGCGGGGCAGATACGCAGTATTTT,0.02133,TRBV28*01,TRBJ2-3*01,TRBD2*01,1
CASSHLRFVGYTF,TGCGCCAGCAGCCATCTACGCTTCGTTGGCTACACCTTC,0.00098,TRBV4-1*02,TRBJ1-2*01,None,1
CASSLRGQASEQYF,TGTGCCAGCAGTCTGCGTGGACAGGCTTCTGAGCAGTACTTC,0.04517,TRBV28*01,TRBJ2-7*01,TRBD2*02,1
CASSYRHRQETQYF,TGTGCCAGCAGCTACAGGCATCGCCAAGAGACCCAGTACTTC,0.02133,TRBV5-6*01,None,None,1
CASSGLAGNEQFF,TGTGCCAGCAGCGGACTAGCGGGCAATGAGCAGTTCTTC,0.05309,TRBV2*01,TRBJ2-1*01,TRBD2*01,1
CASSSRTKGLAGNGYTF,TGTGCCAGCAGTTCAAGAACCAAGGGACTAGCGGGCAATGGCTACACCTTC,0.00098,TRBV2*01,TRBJ1-2*01,TRBD2*02,1
CASSILGIAGHNSPLHF,TGTGCCAGTAGTATATTAGGGATAGCGGGGCATAATTCACCCCTCCACTTT,0.00183,TRBV19*02,TRBJ1-6*01,TRBD2*01,1
CSAREGAFLEQYF,TGCAGTGCTAGAGAGGGGGCCTTCCTCGAGCAGTACTTC,0.00014,TRBV20-1*01,TRBJ2-7*01,TRBD2*01,1
CASSTTEQYF,TGTGCCAGCAGCACCACAGAGCAGTACTTC,0.04517,TRBV7-9*04,None,None,1
CASSRTSGMITGELFF,TGCGCCAGCAGCCGGACTAGCGGGATGATCACCGGGGAGCTGTTTTTT,0.01707,TRBV4-1*02,TRBJ2-2*01,TRBD2*01,1
CSVAQSYRTNRPTSTDTQYF,TGCAGCGTTGCTCAGTCCTACAGGACAAACCGTCCCACCAGCACAGATACGCAGTATTTT,0.0,TRBV29-1*02,TRBJ2-3*01,None,1
CASSLKTADLYEQYF,TGTGCCAGCAGTTTGAAAACAGCGGATCTCTACGAGCAGTACTTC,0.04517,TRBV6-5*01,TRBJ2-7*01,TRBD2*02,1
CASSLGLAGGYGYTF,TGTGCCAGCAGTTTAGGACTAGCGGGAGGGTATGGCTACACCTTC,0.00098,TRBV12-4*01,TRBJ1-2*01,TRBD2*02,1
CSARDGLAVHTGELFF,TGCAGTGCTAGAGATGGACTAGCGGTCCACACCGGGGAGCTGTTTTTT,5.0e-5,TRBV20-1*01,TRBJ2-2*01,TRBD2*01,1
CASSAGAEAFF,TGTGCCAGCAGTGCGGGGGCTGAAGCTTTCTTT,0.01464,TRBV27*01,TRBJ1-1*01,TRBD2*01,1
CSVEEIQGLAAEQYF,TGCAGCGTTGAAGAGATACAGGGACTAGCGGCGGAGCAGTACTTC,0.0,TRBV29/OR9-2*01,TRBJ2-7*01,TRBD2*01,1
CASRSRGVLTEAFF,TGTGCCAGCAGATCGCGGGGGGTGTTGACTGAAGCTTTCTTT,0.00272,TRBV6-1*01,TRBJ1-1*01,TRBD2*01,1
CSARTSAQNGTDTQYF,TGCAGTGCTAGAACTAGCGCTCAAAATGGCACAGATACGCAGTATTTT,6.0e-5,TRBV20-1*01,None,TRBD2*02,1
CASSLSLIQVCNTGELFF,TGTGCCAGCAGTTTATCCTTGATACAAGTGTGTAACACCGGGGAGCTGTTTTTT,0.01707,TRBV27*01,TRBJ2-2*01,TRBD2*01,1
CATSRGLAGGRDICTDTQYF,TGTGCCACCAGCCGGGGACTAGCGGGAGGCCGTGACATTTGCACAGATACGCAGTATTTT,0.00034,TRBV15*01,TRBJ2-3*01,TRBD2*02,1
CASSLLADEQYF,TGTGCAAGCAGTTTACTGGCGGACGAGCAGTACTTC,0.04517,TRBV28*01,TRBJ2-7*01,TRBD2*02,1
CASSQGVREETQYF,TGTGCCAGCAGCCAGGGGGTCAGGGAGGAGACCCAGTACTTC,0.02133,TRBV2*02,TRBJ2-5*01,TRBD2*01,1
CASSFSRLAGGMDMNEQFF,TGTGCCAGCAGCTTTTCCCGGCTAGCGGGAGGAATGGATATGAATGAGCAGTTCTTC,0.05309,TRBV7-9*03,TRBJ2-1*01,TRBD2*02,1
CASSFTSGRRYEQYF,TGCGCCAGCAGCTTTACTAGCGGGAGGCGCTACGAGCAGTACTTC,0.04517,TRBV5-1*01,TRBJ2-7*01,TRBD2*02,1
CASSLELAGSNSPLHF,TGTGCCAGCAGTTTAGAGCTAGCGGGATCAAATTCACCCCTCCACTTT,0.00183,TRBV12-4*01,TRBJ1-6*01,TRBD2*02,1
CSATSSEDTQYF,TGCAGTGCTACATCTAGCGAAGATACGCAGTATTTT,1.0e-5,TRBV20-1*04,TRBJ2-3*01,None,1
CASTWTGGARYSYNEQFF,TGCGCCAGCACATGGACAGGGGGCGCACGGTACTCCTACAATGAGCAGTTCTTC,0.00199,TRBV5-1*01,TRBJ2-1*01,TRBD1*01,1
CASSDHRSEQGTTNEQFF,TGTGCCAGCAGTGACCATCGCTCGGAACAGGGCACCACTAATGAGCAGTTCTTC,0.05309,TRBV6-4*02,None,TRBD2*02,1
CASSSSGRSYEQYF,TGTGCCAGCAGTTCTAGCGGGAGGTCCTACGAGCAGTACTTC,0.04517,TRBV6-5*01,TRBJ2-7*01,TRBD2*02,1
CATSNGALSYEQYF,TGTGCCACCAGCAACGGGGCGCTTTCCTACGAGCAGTACTTC,0.00073,TRBV15*01,TRBJ2-7*01,TRBD2*01,1
CASSLCGTGGESTDTQYF,TGTGCCAGCAGTTTATGTGGGACAGGGGGCGAAAGCACAGATACGCAGTATTTT,0.02133,TRBV28*01,TRBJ2-3*01,TRBD1*01,1
CASRMLMTSGANTEAFF,TGTGCCAGCAGGATGCTTATGACTAGCGGGGCGAACACTGAAGCTTTCTTT,0.00272,TRBV28*01,TRBJ1-1*01,TRBD2*01,1
CSATSGGDTQYF,TGCAGTGCTACTAGCGGGGGGGATACGCAGTATTTT,1.0e-5,TRBV20/OR9-2*03,TRBJ2-3*01,TRBD2*01,1
CASSFRLAGMLRLYNEQFF,TGTGCCAGCAGTTTTAGACTAGCGGGCATGTTGAGGCTCTACAATGAGCAGTTCTTC,0.05309,TRBV27*01,TRBJ2-1*01,TRBD2*02,1
CASSQGRDRDAPYSEAFF,TGTGCCAGCAGCCAAGGAAGGGACAGGGACGCGCCCTACAGTGAAGCTTTCTTT,0.01464,TRBV4-2*01,TRBJ1-1*01,TRBD1*01,1
CASSNYSGLVNFGANVLTF,TGTGCCAGTAGTAATTATAGCGGTTTAGTTAACTTTGGGGCCAACGTCCTGACTTTC,0.0002,TRBV19*01,TRBJ2-6*01,TRBD2*01,1
CASSQGRQGDRRSNYGYTF,TGTGCCAGCAGCCAAGGCCGGCAAGGGGACAGGCGTTCAAACTATGGCTACACCTTC,0.00098,TRBV14*01,TRBJ1-2*01,TRBD1*01,1
CSAGPGLRNQPQHF,TGCAGTGCGGGACCGGGGCTGCGCAATCAGCCCCAGCATTTT,0.0,TRBV20/OR9-2*01,TRBJ1-5*01,TRBD2*01,1
CASSTWTCMSYEQYF,TGTGCCAGCAGCACATGGACATGCATGTCCTACGAGCAGTACTTC,0.04517,TRBV11-3*01,TRBJ2-7*01,None,1
CATSDFSGPATQYF,TGTGCCACCAGTGATTTCAGCGGGCCTGCGACCCAGTACTTC,0.00034,TRBV24-1*01,TRBJ2-5*01,TRBD2*01,1
CSVEVALPFTTTYEQYF,TGCAGCGTTGAAGTCGCGCTGCCATTCACTACAACCTACGAGCAGTACTTC,0.0,TRBV29-1*01,TRBJ2-7*01,None,1
CAWSQEGFNQPQHF,TGTGCCTGGAGTCAAGAGGGGTTCAATCAGCCCCAGCATTTT,8.0e-5,TRBV30*04,TRBJ1-5*01,TRBD1*01,1
CASSKLAIHLGGELFF,TGCGCCAGCAGTAAACTAGCGATTCACTTAGGCGGGGAGCTGTTTTTT,0.01707,TRBV26/OR9-2*02,TRBJ2-2*01,TRBD2*01,1
CASSAHPLGQHGYTF,TGTGCCAGCAGTGCTCATCCGCTCGGACAGCATGGCTACACCTTC,0.00098,TRBV6-1*01,TRBJ1-2*01,None,1
CASRGAEKGLTDTQYF,TGCGCCAGCAGAGGCGCAGAAAAGGGACTCACAGATACGCAGTATTTT,0.00396,TRBV5-1*01,TRBJ2-3*01,TRBD2*02,1
CASSSAAHTEAFF,TGTGCCAGCAGCTCAGCTGCTCACACTGAAGCTTTCTTT,0.01464,TRBV13*01,TRBJ1-1*01,None,1
CASSLTGGRSYEQYF,TGTGCCAGCAGCTTAACAGGGGGCCGGTCCTACGAGCAGTACTTC,0.04517,TRBV5-5*01,TRBJ2-7*01,TRBD2*01,1
CASSLRRTDHCGGYTF,TGCGCCAGCAGCTTGAGAAGGACAGACCATTGCGGGGGCTACACCTTC,0.00098,TRBV5-1*01,TRBJ1-2*01,TRBD2*01,1
CASSLTDRGTNYGYTF,TGTGCCAGCAGCTTAACGGACAGGGGGACTAACTATGGCTACACCTTC,0.00098,TRBV7-9*03,TRBJ1-2*01,TRBD1*01,1
CASSLERGNEQFF,TGTGCCAGCAGCTTAGAGCGGGGGAATGAGCAGTTCTTC,0.05309,TRBV7-9*03,None,TRBD2*01,1
CASSQDPSGRTFNQPQHF,TGCGCCAGCAGCCAAGACCCTAGCGGGAGGACGTTTAATCAGCCCCAGCATTTT,0.0057,TRBV4-1*01,TRBJ1-5*01,TRBD2*02,1
CAISEQPYEQYF,TGTGCCATCAGTGAACAGCCCTACGAGCAGTACTTC,0.00034,TRBV10-3*02,TRBJ2-7*01,None,1
CSATEVGGASHQPQHF,TGCAGTGCTACAGAGGTCGGGGGGGCAAGCCATCAGCCCCAGCATTTT,0.0,TRBV20-1*01,TRBJ1-5*01,TRBD2*01,1
CASSLASVGSYNEQFF,TGTGCCAGCAGCTTAGCGAGCGTTGGTTCCTACAATGAGCAGTTCTTC,0.05309,TRBV7-6*01,TRBJ2-1*01,TRBD2*01,1
CASSGPSGCGTDTQYF,TGTGCCAGCAGTGGGCCTAGCGGTTGTGGCACAGATACGCAGTATTTT,0.02133,TRBV2*01,TRBJ2-3*01,TRBD2*01,1
CASSAVGLAGVVSTDTQYF,TGTGCCAGCAGCGCCGTCGGACTAGCGGGAGTCGTAAGCACAGATACGCAGTATTTT,0.02133,None,TRBJ2-3*01,TRBD2*02,1
CASRPKPSGVAGNTIYF,TGTGCCAGCAGGCCTAAACCTAGCGGGGTCGCTGGAAACACCATATATTTT,0.00017,TRBV2*02,TRBJ1-3*01,TRBD2*01,1
CASSEALAGREQYF,TGTGCCAGCAGTGAAGCCTTAGCGGGTCGCGAGCAGTACTTC,0.04517,TRBV2*01,TRBJ2-7*01,TRBD2*01,1
CASSLGGNYGYTF,TGTGCCAGCAGTTTAGGGGGTAACTATGGCTACACCTTC,0.00098,TRBV28*01,None,TRBD2*01,1
CASSINTLSAGTDTQYF,TGTGCCAGTAGTATAAATACCCTCAGCGCTGGCACAGATACGCAGTATTTT,0.02133,TRBV19*01,None,TRBD2*02,1
CASSYCRGLAGGEVYEQYF,TGTGCCAGCAGTTACTGCAGGGGACTAGCGGGAGGGGAGGTTTACGAGCAGTACTTC,0.04517,TRBV6-3*01,TRBJ2-7*01,TRBD2*02,1
CASSFQLCGGGSYNEQFF,TGTGCCAGCAGTTTCCAGCTGTGCGGGGGGGGCTCCTACAATGAGCAGTTCTTC,0.05309,TRBV28*01,TRBJ2-1*01,TRBD2*01,1
CASSHRTSHLSTDTQYF,TGTGCCAGCAGTCATCGGACTAGCCATTTGAGCACAGATACGCAGTATTTT,0.02133,TRBV12-3*01,TRBJ2-3*01,TRBD2*02,1
CASSVSEGNTIYF,TGTGCCAGCAGTGTCAGCGAAGGAAACACCATATATTTT,0.0009,TRBV28*01,TRBJ1-3*01,None,1
CATSDLSTSGVGYTF,TGTGCCACCAGTGATTTGTCGACTAGCGGGGTTGGCTACACCTTC,2.0e-5,TRBV24/OR9-2*01,TRBJ1-2*01,TRBD2*01,1
CASSLVIATGDNEQFF,TGTGCCAGCAGCTTAGTTATAGCGACAGGTGACAATGAGCAGTTCTTC,0.05309,TRBV11-2*01,None,TRBD2*01,1
CATSRRATVTSGSPYEQYF,TGTGCCACCAGCAGGCGCGCCACAGTGACTAGCGGGAGTCCCTACGAGCAGTACTTC,0.00073,TRBV15*01,None,TRBD2*02,1
CASSQERRNGNTIYF,TGCGCCAGCAGCCAAGAGCGACGTAATGGAAACACCATATATTTT,0.0009,TRBV4-3*01,TRBJ1-3*01,None,1
CATSSVQTQYF,TGTGCCACCAGCAGCGTGCAGACCCAGTACTTC,0.00034,TRBV15*01,None,None,1
CASSLHWVTSGRPEQYF,TGTGCCAGCAGCTTACACTGGGTGACTAGCGGGAGGCCCGAGCAGTACTTC,0.04517,TRBV7-6*01,TRBJ2-7*01,TRBD2*02,1
CASSLEKIENIQYF,TGTGCCAGCAGTTTAGAGAAAATCGAAAACATTCAGTACTTC,0.00106,TRBV12-4*01,TRBJ2-4*01,None,1
CSAYVAGGCSKEQYF,TGCAGTGCATACGTAGCGGGAGGGTGCTCTAAGGAGCAGTACTTC,0.0,TRBV20-1*03,TRBJ2-7*01,TRBD2*02,1
CASRSFKIASTEAFF,TGTGCCAGCAGGTCCTTTAAAATAGCGTCCACTGAAGCTTTCTTT,0.00272,TRBV27*01,TRBJ1-1*01,None,1
CASSQLAGESYEQYF,TGTGCCAGCAGTCAACTAGCGGGTGAATCCTACGAGCAGTACTTC,0.04517,TRBV6-6*04,TRBJ2-7*01,TRBD2*01,1
CASSQEMQGTGNEQFF,TGCGCCAGCAGCCAAGAGATGCAGGGGACAGGCAATGAGCAGTTCTTC,0.05309,TRBV4-1*01,None,TRBD1*01,1
CASSLRRKSIHGYTF,TGTGCCAGCAGTTTACGCCGTAAGAGTATCCATGGCTACACCTTC,0.00098,TRBV12-4*01,TRBJ1-2*01,TRBD2*02,1
CSASGLHSYEQYF,TGCAGTGCTAGCGGCCTCCACTCCTACGAGCAGTACTTC,0.00074,TRBV20-1*07,TRBJ2-7*01,TRBD2*02,1
CASSQREDGYNEQFF,TGTGCCAGCAGTCAGCGGGAGGATGGATACAATGAGCAGTTCTTC,0.05309,TRBV6-3*01,TRBJ2-1*01,TRBD2*02,1
CASSPATSGRGDRNQPQHF,TGTGCCAGCAGCCCGGCTACTAGCGGGAGGGGAGATCGCAATCAGCCCCAGCATTTT,0.0057,TRBV7-9*03,TRBJ1-5*01,TRBD2*02,1
CASSLAAHRQSTNTGELFF,TGTGCCAGCAGTTTGGCTGCCCACAGACAGTCGACCAACACCGGGGAGCTGTTTTTT,0.01707,TRBV12-3*01,TRBJ2-2*01,TRBD2*01,1
CASRRNRLAGGRFTGELFF,TGTGCCAGCAGACGAAACCGACTAGCGGGGGGGAGATTCACCGGGGAGCTGTTTTTT,0.00317,TRBV2*02,TRBJ2-2*01,TRBD2*01,1
CAWSYRGGRCNQPQHF,TGTGCCTGGAGTTACAGGGGTGGGAGATGCAATCAGCCCCAGCATTTT,8.0e-5,TRBV30*01,None,TRBD2*01,1
CASSELAGGDNEQFF,TGTGCCAGCAGTGAGCTAGCGGGCGGTGACAATGAGCAGTTCTTC,0.05309,TRBV2*03,TRBJ2-1*01,TRBD2*01,1
CASSSSGGNTGELFF,TGTGCCAGCAGTTCAAGCGGGGGAAACACCGGGGAGCTGTTTTTT,0.01707,TRBV7-9*01,TRBJ2-2*01,TRBD2*01,1
CASSLTSGGQEGEQYF,TGTGCCAGCAGTCTGACTAGCGGGGGGCAAGAAGGAGAGCAGTACTTC,0.04517,TRBV2*02,TRBJ2-7*01,TRBD2*01,1
CASSSGITEAFF,TGTGCCAGCAGTAGCGGAATCACTGAAGCTTTCTTT,0.01464,TRBV2*01,TRBJ1-1*01,TRBD2*02,1
CSVASPRHYGYTF,TGCAGCGTTGCCTCCCCCAGGCACTATGGCTACACCTTC,0.0,TRBV29-1*01,TRBJ1-2*01,None,1
CASSEFPASYNEQFF,TGTGCCAGCAGTGAATTCCCAGCCTCCTACAATGAGCAGTTCTTC,0.05309,TRBV2*01,TRBJ2-1*01,None,1
CASSSGGGGYTF,TGTGCCAGTAGCAGCGGGGGCGGTGGCTACACCTTC,0.00098,None,TRBJ1-2*01,TRBD2*01,1
CATSDSRRGGHSKNIQYF,TGTGCCACCAGTGATTCCCGACGCGGGGGGCATTCCAAAAACATTCAGTACTTC,2.0e-5,TRBV24/OR9-2*01,TRBJ2-4*01,TRBD2*01,1
CASSLCRDSGSTEAFF,TGTGCCAGCAGTTTATGTCGCGATAGCGGGTCCACTGAAGCTTTCTTT,0.01464,TRBV28*01,TRBJ1-1*01,TRBD2*01,1
CASSIPSQGLADTNEKLFF,TGTGCCAGCAGTATTCCGAGTCAAGGACTAGCGGATACTAATGAAAAACTGTTTTTT,0.00188,TRBV12-4*01,TRBJ1-4*01,TRBD2*02,1
CASRRADRGSLGSYEQYF,TGTGCCAGTAGACGAGCAGACAGGGGTAGCTTAGGTTCCTACGAGCAGTACTTC,0.00839,TRBV19*03,TRBJ2-7*01,TRBD2*01,1
CASSDASPTSGSGTDTQYF,TGTGCCAGCAGTGATGCTTCCCCGACTAGCGGGTCAGGCACAGATACGCAGTATTTT,0.02133,TRBV2*01,TRBJ2-3*01,TRBD2*02,1
CSARGPRDYEQYF,TGCAGTGCTAGAGGACCCAGGGACTACGAGCAGTACTTC,0.00014,TRBV20-1*01,TRBJ2-7*01,TRBD2*01,1
CASSQRGQPQHF,TGTGCCAGCAGCCAGCGGGGGCAGCCCCAGCATTTT,0.0057,TRBV7-9*01,TRBJ1-5*01,TRBD2*01,1
CASSLDLYAGSHTDTQYF,TGTGCCAGCAGTTTAGATCTTTATGCGGGGAGCCACACAGATACGCAGTATTTT,0.02133,TRBV12-4*01,TRBJ2-3*01,TRBD2*01,1
CASSYGGTVNRFYNEQFF,TGTGCCAGCAGTTACGGTGGGACAGTTAACCGATTTTACAATGAGCAGTTCTTC,0.05309,TRBV6-6*01,TRBJ2-1*01,TRBD2*02,1
CASRADSETWTDTQYF,TGTGCCAGCAGAGCAGACAGTGAGACTTGGACAGATACGCAGTATTTT,0.00396,TRBV7-8*03,TRBJ2-3*01,TRBD1*01,1
CASSIKTLGGSTGELFF,TGTGCCAGTAGTATTAAGACTCTAGGGGGCTCCACCGGGGAGCTGTTTTTT,0.01707,TRBV19*01,TRBJ2-2*01,TRBD2*01,1
CASSLQQGALAYEQYF,TGTGCCAGCAGTTTACAACAGGGGGCGTTAGCCTACGAGCAGTACTTC,0.04517,TRBV28*01,TRBJ2-7*01,TRBD1*01,1
CSATGLARVGTDTQYF,TGCAGTGCTACGGGACTAGCGCGAGTAGGCACAGATACGCAGTATTTT,1.0e-5,TRBV20-1*01,None,TRBD2*02,1
CSVETLAGGPNTEAFF,TGCAGCGTTGAAACACTAGCGGGAGGGCCAAACACTGAAGCTTTCTTT,0.0,TRBV29-1*02,TRBJ1-1*01,TRBD2*02,1
CASSEFLSSGRTAGANVLTF,TGTGCCAGCAGTGAATTTTTAAGTAGCGGGCGGACCGCTGGGGCCAACGTCCTGACTTTC,0.0002,TRBV25-1*01,TRBJ2-6*01,TRBD2*01,1
CSVVSTQGRFLREQYF,TGCAGCGTTGTGTCTACTCAGGGGCGGTTTCTACGAGAGCAGTACTTC,0.0,TRBV29-1*01,None,TRBD2*02,1
CASSLVLAAIITEAFF,TGCGCCAGCAGCTTGGTCCTAGCGGCAATCATCACTGAAGCTTTCTTT,0.01464,TRBV5-1*01,TRBJ1-1*01,TRBD2*02,1
CASSMDRLAGGSGIAEAFF,TGTGCCAGTAGTATGGACCGACTAGCGGGGGGGTCTGGCATAGCTGAAGCTTTCTTT,0.01464,TRBV19*02,TRBJ1-1*01,TRBD2*01,1
CSVEQEASAGDGELFF,TGCAGCGTTGAGCAAGAAGCTAGCGCTGGGGACGGGGAGCTGTTTTTT,0.0,TRBV29-1*02,TRBJ2-2*01,TRBD2*01,1
CASSAIWGLAGSGAKTQYF,TGTGCCAGCAGTGCAATCTGGGGACTAGCGGGGAGTGGGGCAAAGACCCAGTACTTC,0.02133,TRBV2*03,TRBJ2-5*01,TRBD2*01,1
CASRTSGVYGYTF,TGTGCCAGCAGGACTAGCGGGGTATATGGCTACACCTTC,0.00018,TRBV28*01,TRBJ1-2*01,TRBD2*01,1
CDTSPGTSATDTQYF,TGTGACACCAGTCCAGGGACTAGCGCCACAGATACGCAGTATTTT,0.0,TRBV24-1*01,TRBJ2-3*01,TRBD2*02,1
CASSLFLAGNEQFF,TGTGCCAGCAGTTTATTTTTAGCGGGGAATGAGCAGTTCTTC,0.05309,TRBV12-4*01,TRBJ2-1*01,TRBD2*01,1
CASSFTRAEDDQYF,TGTGCCAGCAGTTTTACCAGAGCGGAAGACGACCAGTACTTC,2.0e-5,TRBV27*01,TRBJ2-7*01,TRBD2*02,1
CATSRERKGFYNEQFF,TGTGCCACCAGCAGAGAACGTAAAGGTTTCTACAATGAGCAGTTCTTC,0.00085,TRBV15*01,TRBJ2-1*01,TRBD2*02,1
CASSPPKERAPCQCNQPQHF,TGCGCCAGCAGCCCTCCAAAGGAGCGGGCGCCATGTCAGTGCAATCAGCCCCAGCATTTT,0.0057,TRBV4-1*01,None,TRBD2*02,1
CASSLALVATYEQYF,TGTGCCAGCAGTTTAGCCCTCGTAGCGACCTACGAGCAGTACTTC,0.04517,TRBV12-3*01,None,None,1
CASSTGGRRNEQFF,TGTGCCAGCAGCACAGGGGGCCGGCGTAATGAGCAGTTCTTC,0.05309,TRBV11-3*04,None,TRBD2*01,1
CASSWETQYF,TGTGCCAGCAGTTGGGAGACCCAGTACTTC,0.02133,TRBV6-6*01,TRBJ2-5*01,None,1
CSARFVTGGYTF,TGCAGTGCTAGATTCGTCACAGGGGGCTACACCTTC,0.0,TRBV20-1*05,TRBJ1-2*01,TRBD2*01,1
CAISESRTSDMADTQYF,TGTGCCATCAGTGAGTCCAGGACTAGCGATATGGCGGATACGCAGTATTTT,0.00016,TRBV10-3*01,TRBJ2-3*01,TRBD2*01,1
CASRVTEYRGHNSPLHF,TGTGCCAGCAGGGTGACTGAGTACAGGGGGCATAATTCACCCCTCCACTTT,0.00034,TRBV7-3*04,TRBJ1-6*01,TRBD1*01,1
CASSEVYGLATSASYNEQFF,TGTGCCAGCAGTGAGGTGTACGGACTAGCGACGAGCGCTTCCTACAATGAGCAGTTCTTC,0.05309,TRBV2*01,TRBJ2-1*01,TRBD2*02,1
CASSFRGIYEQYF,TGTGCCAGCAGCTTTAGGGGAATCTACGAGCAGTACTTC,0.04517,TRBV12-1*01,TRBJ2-7*01,TRBD1*01,1
CASSRADNSQPQHF,TGTGCCAGCAGCCGCGCAGACAATTCTCAGCCCCAGCATTTT,0.0057,TRBV6-6*04,TRBJ1-5*01,None,1
CASSSTPCLAGCTAHYNEQFF,TGTGCCAGCAGCTCGACTCCGTGCTTAGCGGGGTGTACAGCCCACTACAATGAGCAGTTCTTC,0.05309,TRBV7-2*01,TRBJ2-1*01,TRBD2*01,1
CASRRVSWYNEQFF,TGTGCCAGCAGACGCGTAAGCTGGTACAATGAGCAGTTCTTC,0.00986,TRBV2*01,TRBJ2-1*01,TRBD2*02,1
CASSEYLGDSVTETQYF,TGTGCCAGCAGTGAATATCTGGGTGACAGTGTGACAGAGACCCAGTACTTC,0.02133,TRBV25-1*01,TRBJ2-1*01,TRBD2*02,1
CSARETIRAGEQYF,TGCAGTGCTAGAGAAACGATTCGAGCGGGCGAGCAGTACTTC,0.00014,TRBV20-1*01,TRBJ2-7*01,TRBD2*01,1
CASSYSEGAKLGTDTQYF,TGTGCCAGCAGTTACTCCGAAGGAGCTAAACTGGGCACAGATACGCAGTATTTT,0.02133,TRBV6-5*01,TRBJ2-3*01,TRBD2*02,1
CASSSIWGQGSNQPQHF,TGTGCCAGCAGCTCTATATGGGGACAGGGTAGCAATCAGCCCCAGCATTTT,0.0057,TRBV14*01,TRBJ1-5*01,TRBD1*01,1
CASSGLAYYNEQFF,TGTGCCAGCAGTGGACTAGCGTACTACAATGAGCAGTTCTTC,0.05309,TRBV6-4*02,None,TRBD2*02,1
CASRVLLAGNTYSYEQYF,TGTGCCAGCAGAGTTTTACTAGCGGGGAATACATATTCCTACGAGCAGTACTTC,0.00839,TRBV12-4*01,None,TRBD2*01,1
CATSDLGQVVTEAFF,TGTGCAACCAGTGATTTGGGACAGGTCGTCACTGAAGCTTTCTTT,0.00024,TRBV24/OR9-2*01,TRBJ1-1*01,TRBD1*01,1
CASSLVPPSVPYNEQFF,TGTGCCAGCAGCTTGGTTCCACCGTCCGTGCCCTACAATGAGCAGTTCTTC,0.05309,TRBV5-5*01,None,None,1
CASSLAGPGELFF,TGTGCCAGCAGCTTAGCTGGGCCCGGGGAGCTGTTTTTT,0.01707,TRBV7-2*02,TRBJ2-2*01,TRBD2*01,1
CASSLGSAGGGYEQYF,TGTGCCAGCAGTCTGGGATCTGCAGGGGGGGGCTACGAGCAGTACTTC,0.04517,TRBV12-3*01,TRBJ2-7*01,TRBD2*01,1
CASSLASGLAGGKKTYNEQFF,TGTGCCAGCAGCTTAGCGTCTGGACTAGCGGGAGGGAAGAAGACCTACAATGAGCAGTTCTTC,0.05309,TRBV11-1*01,TRBJ2-1*01,TRBD2*02,1
CASSLAQGQGVDTQYF,TGTGCCAGCAGTTTAGCACAGGGACAGGGGGTAGATACGCAGTATTTT,0.02133,TRBV12-3*01,None,TRBD1*01,1
CASSEEVTFSGQCRETQYF,TGTGCCAGCAGTGAAGAGGTCACTTTTAGCGGGCAATGTAGAGAGACCCAGTACTTC,0.02133,TRBV2*01,TRBJ2-5*01,TRBD2*02,1
CASRLERELPGANVLTF,TGTGCCAGCAGACTGGAGCGGGAGCTGCCTGGGGCCAACGTCCTGACTTTC,4.0e-5,TRBV5-5*02,TRBJ2-6*01,TRBD2*01,1
CAISESLAGVEYEQYF,TGTGCCATCAGTGAGTCACTAGCGGGAGTTGAATACGAGCAGTACTTC,0.00034,TRBV10-3*02,TRBJ2-7*01,TRBD2*02,1
CASSIDQAGYQCNGYTF,TGTGCCAGTAGTATAGACCAAGCGGGCTACCAGTGCAATGGCTACACCTTC,0.00098,TRBV19*02,TRBJ1-2*01,TRBD2*02,1
CASSDRNNEQFF,TGTGCCAGCAGTGACAGGAACAATGAGCAGTTCTTC,0.05309,TRBV6-4*01,TRBJ2-1*01,TRBD1*01,1
CASSQGHESYEQYF,TGCGCCAGCAGCCAAGGGCATGAATCTTACGAGCAGTACTTC,0.04517,TRBV4-1*01,TRBJ2-7*01,None,1
CASSEMHIWTSGTETDEQYF,TGTGCCAGCAGTGAAATGCACATATGGACTAGCGGGACAGAGACTGACGAGCAGTACTTC,0.04517,TRBV6-1*01,TRBJ2-7*01,TRBD2*02,1
CASSDGTSVVSEAFF,TGCGCCAGCAGTGACGGGACTAGCGTGGTGTCTGAAGCTTTCTTT,0.01464,TRBV10-2*02,TRBJ1-1*01,TRBD2*01,1
CAWSVLAGGSETQYF,TGTGCCTGGAGTGTATTAGCGGGAGGGTCAGAGACCCAGTACTTC,0.0003,TRBV30*03,TRBJ2-5*01,TRBD2*02,1
CASSLQRGRLGYTF,TGTGCCAGCAGTTTGCAGCGGGGGAGACTCGGCTACACCTTC,0.00098,TRBV12-4*01,TRBJ1-2*01,TRBD2*01,1
CASSHRGLGTYNEQFF,TGTGCCAGCAGTCACAGGGGGTTGGGGACCTACAATGAGCAGTTCTTC,0.05309,TRBV7-9*03,TRBJ2-1*01,TRBD2*01,1
CASSLGESCVAGSKDRTQYF,TGTGCCAGCAGCTTAGGAGAATCATGTGTAGCGGGATCAAAAGACCGGACCCAGTACTTC,0.02133,TRBV13*01,TRBJ2-5*01,TRBD2*02,1
CASSLRVDWHTEAFF,TGTGCCAGCAGCTTACGCGTGGACTGGCACACTGAAGCTTTCTTT,0.01464,TRBV7-3*01,TRBJ1-1*01,TRBD2*02,1
CASRPAYEQYF,TGTGCCAGCAGGCCGGCCTACGAGCAGTACTTC,0.00839,TRBV28*01,TRBJ2-7*01,None,1
CASSPANEAFF,TGTGCCAGCTCACCAGCTAATGAAGCTTTCTTT,0.01464,TRBV18*01,TRBJ1-1*01,None,1
CASRSVGDNEQFF,TGTGCCAGCAGGAGCGTCGGGGACAATGAGCAGTTCTTC,0.00986,None,TRBJ2-1*01,TRBD2*01,1
CASSLQLAGGKRTDTQYF,TGTGCCAGCAGTTTGCAACTAGCGGGGGGGAAACGCACAGATACGCAGTATTTT,0.02133,TRBV2*01,None,TRBD2*01,1
CASSQTEDRGSKNEKLFF,TGTGCCAGCAGCCAAACTGAGGATCGGGGCTCCAAAAATGAAAAACTGTTTTTT,0.00188,TRBV3-2*02,TRBJ1-4*01,TRBD2*01,1
CASSQVHWIATGELFF,TGTGCCAGCAGCCAAGTGCATTGGATAGCGACCGGGGAGCTGTTTTTT,0.01707,TRBV14*01,TRBJ2-2*01,TRBD2*01,1
CASSDTHRKTQYF,TGCGCCAGCAGTGACACCCACAGGAAGACCCAGTACTTC,0.02133,TRBV10-2*01,TRBJ2-5*01,None,1
CASSLANVPDRASTDTQYF,TGTGCCAGCAGCTTAGCAAACGTGCCCGACAGGGCTAGCACAGATACGCAGTATTTT,0.02133,TRBV7-9*01,TRBJ2-3*01,TRBD2*02,1
CASSDVRLAGGHGYTF,TGTGCCAGCAGCGATGTGCGACTAGCGGGAGGGCATGGCTACACCTTC,0.00098,TRBV12-4*01,TRBJ1-2*01,TRBD2*02,1
CASSFLKSSIGWYQPQHF,TGTGCCAGCAGCTTTCTCAAGAGTAGCATCGGATGGTACCAGCCCCAGCATTTT,0.0057,TRBV7-9*03,TRBJ1-5*01,TRBD2*02,1
CASSRPLGYYNEQFF,TGTGCCAGCAGCCGACCACTAGGGTACTACAATGAGCAGTTCTTC,0.05309,TRBV11-2*01,None,TRBD2*02,1
CSVDLSGLQPQHF,TGCAGCGTTGATCTGAGCGGGCTTCAGCCCCAGCATTTT,0.0,TRBV29-1*01,None,TRBD2*02,1
CSARFPTPSGYEQYF,TGCAGTGCTAGATTCCCCACCCCTAGCGGCTACGAGCAGTACTTC,0.00014,TRBV20-1*05,TRBJ2-7*01,TRBD2*02,1
CASSWGNFVYNEQFF,TGTGCCAGCAGTTGGGGGAATTTTGTCTACAATGAGCAGTTCTTC,0.05309,TRBV28*01,TRBJ2-1*01,TRBD2*01,1
CASSLRLRDTWYYGYTF,TGCGCCAGCAGCCTTCGGCTTCGGGACACTTGGTACTATGGCTACACCTTC,0.00098,TRBV4-3*01,TRBJ1-2*01,TRBD2*01,1
CASSLETWAHEQYF,TGTGCCAGCAGCTTAGAAACATGGGCGCACGAGCAGTACTTC,0.04517,TRBV11-2*01,TRBJ2-7*01,None,1
CASSLAHYGYTF,TGTGCCAGCAGCTTAGCCCACTATGGCTACACCTTC,0.00098,TRBV7-2*01,TRBJ1-2*01,None,1
CASRGAYNEQFF,TGCGCCAGCAGGGGAGCCTACAATGAGCAGTTCTTC,0.00986,TRBV5-1*01,TRBJ2-1*01,TRBD2*02,1
CASSLTSGPYEQYF,TGTGCCAGCAGTTTAACTAGCGGACCCTACGAGCAGTACTTC,0.04517,TRBV12-3*01,TRBJ2-7*01,TRBD2*02,1
CASSYSLQDYNEQFF,TGTGCCAGCAGTTACTCGCTACAGGACTACAATGAGCAGTTCTTC,0.05309,TRBV6-6*01,TRBJ2-1*01,TRBD2*02,1
CASSYRRGNCNQPQHF,TGTGCCAGCAGTTACCGCAGGGGGAATTGCAATCAGCCCCAGCATTTT,0.0057,TRBV6-6*02,TRBJ1-5*01,TRBD2*01,1
CASSLQGGPYNEQFF,TGTGCCAGCAGCTTGCAGGGGGGGCCCTACAATGAGCAGTTCTTC,0.05309,TRBV5-7*01,TRBJ2-1*01,TRBD2*01,1
CASSIESINIQYF,TGTGCCAGTAGTATAGAATCAATTAACATTCAGTACTTC,0.00106,TRBV19*02,TRBJ2-4*01,None,1
CASSGPSNSPLHF,TGTGCCAGCAGTGGACCCAGTAATTCACCCCTCCACTTT,0.00183,TRBV2*03,TRBJ1-6*01,None,1
CASSQVGLAGGDEQYF,TGCGCCAGCAGCCAAGTGGGACTAGCGGGGGGGGACGAGCAGTACTTC,0.04517,TRBV4-3*01,TRBJ2-7*01,TRBD2*01,1
CASSLETNKLAVSGNTEAFF,TGTGCCAGCAGCTTAGAAACTAACAAACTAGCGGTGAGCGGGAACACTGAAGCTTTCTTT,0.01464,TRBV7-7*01,TRBJ1-1*01,TRBD2*02,1
CASSSSGGNTGELFF,TGTGCCAGCAGTTCAAGCGGGGGAAACACCGGGGAGCTGTTTTTT,0.01707,TRBV7-1*01,TRBJ2-2*01,TRBD2*01,1
CASSCCTPQRRENTDTQYF,TGTGCCAGCAGTTGTTGCACTCCACAGCGACGCGAAAACACAGATACGCAGTATTTT,0.02133,TRBV6-3*01,TRBJ2-3*01,TRBD2*02,1
CASSLQSDDRSDTQYF,TGTGCCAGCAGCTTACAATCTGACGACAGGTCAGATACGCAGTATTTT,0.02133,TRBV7-8*01,TRBJ2-3*01,None,1
CASSKLASNPEESQYF,TGTGCCAGCAGCAAACTAGCGTCGAATCCGGAAGAATCCCAGTACTTC,6.0e-5,TRBV7-8*01,TRBJ2-5*01,TRBD2*02,1
CASRFSGGIKAPYEQYF,TGTGCCAGCAGATTTAGCGGGGGGATAAAGGCCCCCTACGAGCAGTACTTC,0.00839,TRBV6-5*01,None,TRBD2*01,1
CASSMFLLRTSDQSEAFF,TGTGCCAGTAGTATGTTTCTACTGCGGACTAGCGATCAGTCTGAAGCTTTCTTT,0.01464,TRBV19*02,TRBJ1-1*01,TRBD2*02,1
CSARFRVLRETGTEAFF,TGCAGTGCTAGATTTCGTGTTCTGCGGGAGACCGGCACTGAAGCTTTCTTT,4.0e-5,TRBV20-1*03,TRBJ1-1*01,TRBD2*02,1
CASRVDVLTGGYAGNEQYF,TGTGCCAGCCGAGTAGATGTATTGACAGGGGGCTATGCGGGAAACGAGCAGTACTTC,0.00839,TRBV7-6*01,TRBJ2-7*01,TRBD2*02,1
CSARDKLAQAETQYF,TGCAGTGCTAGAGACAAGCTAGCGCAGGCAGAGACCCAGTACTTC,6.0e-5,TRBV20/OR9-2*01,TRBJ2-5*01,TRBD2*02,1
CASSEETGGAYNEQFF,TGTGCCAGCAGTGAAGAGACAGGGGGAGCATACAATGAGCAGTTCTTC,0.05309,TRBV2*01,TRBJ2-1*01,TRBD1*01,1
CASSLAGPPTYEQYF,TGTGCCAGCAGCTTAGCGGGGCCACCTACCTACGAGCAGTACTTC,0.04517,TRBV7-9*01,TRBJ2-7*01,TRBD2*01,1
CASSLGFSDYGYTF,TGTGCCAGCAGCTTGGGCTTTAGCGACTATGGCTACACCTTC,0.00098,TRBV5-4*01,TRBJ1-2*01,TRBD2*02,1
CASRGPIGLAYGYTF,TGTGCCAGTAGGGGCCCTATCGGACTAGCTTATGGCTACACCTTC,0.00018,TRBV19*02,TRBJ1-2*01,TRBD2*02,1
CASSLARGLAGGRSYEAFF,TGTGCCAGCAGCTTAGCAAGAGGACTAGCGGGGGGACGTTCCTATGAAGCTTTCTTT,0.01464,TRBV7-9*03,TRBJ1-1*01,TRBD2*01,1
CASRRGLCEAFF,TGTGCCAGCAGGCGGGGGCTCTGTGAAGCTTTCTTT,0.00272,TRBV27*01,TRBJ1-1*01,TRBD2*01,1
CASSRGTSGNTEAFF,TGTGCCAGCAGTCGGGGGACTAGCGGGAACACTGAAGCTTTCTTT,0.01464,TRBV6-5*01,TRBJ1-1*01,TRBD2*02,1
CASSRTSGPFTDTQYF,TGTGCCAGCAGTCGGACTAGCGGTCCATTCACAGATACGCAGTATTTT,0.02133,TRBV25-1*01,TRBJ2-3*01,TRBD2*02,1
CASSLAHDDWTSGGRDTQYF,TGTGCCAGCAGCTTAGCTCATGATGATTGGACTAGCGGGGGGAGAGATACGCAGTATTTT,0.02133,TRBV7-9*01,None,TRBD2*01,1
CASSVVAQGLAGRLYEQYF,TGTGCCAGCAGCGTCGTAGCTCAGGGACTAGCGGGACGCTTATACGAGCAGTACTTC,0.04517,TRBV7-2*02,TRBJ2-7*01,TRBD2*02,1
CAWSVALTSGSYNEQFF,TGTGCCTGGAGTGTTGCGCTCACTAGCGGAAGTTACAATGAGCAGTTCTTC,0.00074,TRBV30*03,TRBJ2-1*01,TRBD2*02,1
CASSQRFKPTSGKNIQYF,TGCGCCAGCAGCCAGCGATTCAAGCCGACTAGCGGGAAAAACATTCAGTACTTC,0.00106,TRBV4-1*01,TRBJ2-4*01,TRBD2*02,1
CASSPTGVQVYEQYF,TGTGCCAGCAGTCCGACAGGGGTGCAAGTATACGAGCAGTACTTC,0.04517,TRBV11-2*02,TRBJ2-7*01,TRBD1*01,1
CASSLSIRGRIHKDTQYF,TGTGCCAGCAGTTTATCAATCAGGGGGCGCATACATAAAGATACGCAGTATTTT,0.02133,TRBV27*01,TRBJ2-3*01,TRBD2*01,1
CSVAHGLAMLCTDTQYF,TGCAGCGTTGCTCATGGACTAGCGATGCTTTGCACAGATACGCAGTATTTT,0.0,TRBV29-1*02,TRBJ2-3*01,TRBD2*02,1
CAISEAGKAPYEQYF,TGTGCCATCAGTGAAGCAGGGAAAGCCCCTTACGAGCAGTACTTC,0.00034,TRBV10-3*01,TRBJ2-7*01,TRBD2*02,1
CASRERDVGGGANVLTF,TGTGCCAGCAGAGAGCGGGACGTCGGCGGTGGGGCCAACGTCCTGACTTTC,4.0e-5,TRBV5-5*03,TRBJ2-6*01,TRBD2*01,1
CASSRRTYEQYF,TGCGCCAGCAGCCGAAGGACATACGAGCAGTACTTC,0.04517,TRBV4-3*01,TRBJ2-7*01,None,1
CASSEELDMGSYNEQFF,TGTGCCAGCAGTGAAGAACTGGACATGGGTTCCTACAATGAGCAGTTCTTC,0.05309,TRBV2*01,None,TRBD2*02,1
CASSTEQGARTASYNEQFF,TGTGCCAGCAGTACTGAGCAGGGGGCGAGAACCGCATCCTACAATGAGCAGTTCTTC,0.05309,TRBV28*01,TRBJ2-1*01,TRBD2*01,1
CASSQGLAGGIYNEQFF,TGTGCCAGCAGCCAAGGACTAGCGGGGGGGATTTACAATGAGCAGTTCTTC,0.05309,TRBV3-2*02,TRBJ2-1*01,TRBD2*01,1
CASSLACSGLAGTYNEQFF,TGTGCCAGCAGTTTAGCTTGCTCAGGACTAGCGGGGACCTACAATGAGCAGTTCTTC,0.05309,TRBV12-3*01,None,TRBD2*01,1
CASSQGQETQYF,TGCGCCAGCAGCCAGGGCCAAGAGACCCAGTACTTC,0.02133,TRBV4-3*01,TRBJ2-5*01,None,1
CASSEILSGSVSDTHYF,TGTGCCAGCAGTGAAATATTGAGCGGCTCCGTGTCAGATACGCATTATTTT,0.0,TRBV2*01,None,None,1
CASSPRSSGTLTYNEQFF,TGTGCCAGCAGCCCAAGATCAAGCGGGACGCTAACCTACAATGAGCAGTTCTTC,0.05309,TRBV7-9*03,TRBJ2-1*01,TRBD2*02,1
CSVDCKSGENEQFF,TGCAGCGTTGACTGCAAAAGCGGGGAGAATGAGCAGTTCTTC,0.0,TRBV29-1*02,TRBJ2-1*01,TRBD2*01,1
CTSSLGLAVEAFF,TGTACCAGCAGTTTAGGACTAGCGGTTGAAGCTTTCTTT,0.0,TRBV28*01,TRBJ1-1*01,TRBD2*02,1
CASSQVRTSGRVNEQYF,TGTGCCAGCAGCCAAGTCAGAACTAGCGGGAGGGTAAACGAGCAGTACTTC,0.04517,TRBV14*01,TRBJ2-7*01,TRBD2*02,1
CSARWARTSGVDRLYNEQFF,TGCAGTGCTAGATGGGCGCGGACTAGCGGGGTCGACAGGTTATACAATGAGCAGTTCTTC,0.00016,TRBV20/OR9-2*03,TRBJ2-1*01,TRBD2*01,1
CSVAQPHEQYF,TGCAGCGTTGCCCAGCCTCACGAGCAGTACTTC,0.0,TRBV29-1*01,TRBJ2-7*01,None,1
CSVFRRTTSGHQSYEQYF,TGCAGCGTTTTTAGACGCACAACTAGCGGGCATCAGTCCTACGAGCAGTACTTC,0.0,TRBV29-1*02,TRBJ2-7*01,TRBD2*02,1
CSVKYEQYF,TGCAGCGTCAAATACGAGCAGTACTTC,0.0,TRBV29-1*01,TRBJ2-7*01,None,1
CASSRYAAGLAGFLCCEKLFF,TGTGCCAGCAGTCGATATGCAGCGGGACTAGCGGGATTTCTATGCTGTGAAAAACTGTTTTTT,0.00188,TRBV6-6*04,TRBJ1-4*01,TRBD2*02,1
CSASGQCSYGYTF,TGCAGTGCGAGCGGGCAGTGTTCGTATGGCTACACCTTC,2.0e-5,TRBV20-1*04,TRBJ1-2*01,TRBD2*02,1
CASRMLTGELFF,TGTGCCAGCAGAATGTTGACCGGGGAGCTGTTTTTT,0.00317,TRBV2*01,None,TRBD2*01,1
CASSKGSYEQYF,TGTGCCAGTAGTAAGGGTTCGTACGAGCAGTACTTC,0.04517,TRBV19*02,TRBJ2-7*01,None,1
CASSLSGGCSSGNTIYF,TGTGCCAGCAGCTTGTCAGGGGGTTGCTCGTCTGGAAACACCATATATTTT,0.0009,TRBV11-2*01,TRBJ1-3*01,TRBD2*01,1
CASSEGLAGQHTGELFF,TGTGCCAGCAGTGAAGGACTAGCGGGACAGCACACCGGGGAGCTGTTTTTT,0.01707,TRBV2*01,TRBJ2-2*01,TRBD2*01,1
CASSFTTSGREYTQYF,TGTGCCAGCAGTTTCACGACTAGCGGGAGGGAATATACCCAGTACTTC,0.02133,TRBV12-3*01,TRBJ2-5*01,TRBD2*02,1
CASSSSLAGGNQPQHF,TGCGCCAGCAGTAGTTCACTAGCGGGAGGGAATCAGCCCCAGCATTTT,0.0057,TRBV10-1*01,TRBJ1-5*01,TRBD2*02,1
CASSLGKAPGQGPRYGYTF,TGTGCCAGCAGTTTGGGAAAAGCACCGGGACAGGGGCCACGGTATGGCTACACCTTC,0.00098,TRBV27*01,TRBJ1-2*01,TRBD2*01,1
CASSLRGYYEQYF,TGTGCCAGCAGTTTAAGGGGGTACTACGAGCAGTACTTC,0.04517,TRBV12-4*01,TRBJ2-7*01,TRBD2*01,1
CASSVLPPWTSGPPNEQFF,TGTGCCAGCAGTGTTTTGCCTCCTTGGACTAGCGGGCCACCGAATGAGCAGTTCTTC,0.05309,TRBV2*01,None,TRBD2*01,1
CASSEARWTSGAKIYNEQFF,TGTGCCAGCAGTGAAGCCCGCTGGACTAGCGGGGCGAAGATCTACAATGAGCAGTTCTTC,0.05309,TRBV6-1*01,TRBJ2-1*01,TRBD2*01,1
CASSKRVNEQYF,TGTGCCAGCAGTAAGCGAGTCAACGAGCAGTACTTC,0.04517,TRBV2*03,TRBJ2-7*01,None,1
CASSLAGGHRGLWTLYNEQFF,TGTGCCAGCAGCTTAGCTGGAGGTCACAGGGGGCTATGGACCCTCTACAATGAGCAGTTCTTC,0.05309,TRBV7-9*02,TRBJ2-1*01,TRBD2*01,1
CASSDRGSGNTIYF,TGTGCCAGCAGTGACAGGGGGTCTGGAAACACCATATATTTT,0.0009,TRBV14*02,TRBJ1-3*01,TRBD2*01,1
CATSDFPVTGNRLSGNTIYF,TGTGCCACCAGTGATTTTCCTGTTACAGGGAACCGGCTATCTGGAAACACCATATATTTT,1.0e-5,TRBV24-1*02,TRBJ1-3*01,TRBD2*01,1
CASSLPDWTSVAAHNSPLHF,TGTGCCAGCAGCTTACCTGACTGGACTAGCGTGGCCGCCCATAATTCACCCCTCCACTTT,0.00183,TRBV7-9*01,TRBJ1-6*01,TRBD2*01,1
CASSLLLAYEQYF,TGTGCCAGCAGCTTACTACTAGCGTACGAGCAGTACTTC,0.04517,TRBV7-9*02,TRBJ2-7*01,TRBD2*02,1
CASSCAAYEQYF,TGTGCCAGCAGTTGTGCGGCCTACGAGCAGTACTTC,0.04517,TRBV12-3*01,None,None,1
CASSERARGVHNEQFF,TGTGCCAGCAGTGAACGCGCCAGAGGCGTACACAATGAGCAGTTCTTC,0.05309,TRBV6-1*01,None,None,1
CASSLGQGSTYNEQFF,TGTGCCAGCAGCTTAGGACAGGGGAGTACCTACAATGAGCAGTTCTTC,0.05309,TRBV7-8*01,TRBJ2-1*01,TRBD1*01,1
CASSIPRDDTQYF,TGTGCCAGTAGTATACCCAGGGATGATACGCAGTATTTT,0.02133,TRBV19*02,TRBJ2-3*01,TRBD2*02,1
CASSFLPHRSNQPQHF,TGTGCCAGCAGTTTTCTCCCTCACAGGAGCAATCAGCCCCAGCATTTT,0.0057,TRBV12-3*01,TRBJ1-5*01,None,1
CASSFLAASYEQYF,TGTGCCAGCAGCTTTCTAGCGGCGTCCTACGAGCAGTACTTC,0.04517,TRBV13*01,None,TRBD2*02,1
CASSRTSGSSVNQPQHF,TGTGCCAGCAGCAGGACTAGCGGGTCTTCAGTCAATCAGCCCCAGCATTTT,0.0057,TRBV2*02,TRBJ1-5*01,TRBD2*02,1
CASSFSSANNINEQFF,TGTGCCAGCAGTTTCAGTAGCGCGAACAATATAAATGAGCAGTTCTTC,0.05309,TRBV12-3*01,TRBJ2-1*01,TRBD2*02,1
CASSRAGGIFETEAFF,TGTGCCAGCAGCAGAGCGGGAGGTATCTTCGAGACTGAAGCTTTCTTT,0.01464,TRBV7-9*07,TRBJ1-1*01,TRBD2*02,1
CATSRRTGAATGANVLTF,TGTGCCACCAGCAGAAGGACAGGGGCGGCAACTGGGGCCAACGTCCTGACTTTC,0.0,TRBV15*01,TRBJ2-6*01,TRBD2*01,1
CASSERTGAYNSPLHF,TGCGCCAGCAGTGAGAGGACAGGAGCCTATAATTCACCCCTCCACTTT,0.00183,TRBV10-2*01,TRBJ1-6*01,TRBD1*01,1
CASSYLAPSGVAAGNTIYF,TGTGCCAGCAGTTACCTCGCTCCATCGGGGGTAGCTGCTGGAAACACCATATATTTT,0.0009,TRBV6-6*01,TRBJ1-3*01,TRBD2*01,1
CSARSRLAPYNEQFF,TGCAGTGCTAGAAGTCGCCTAGCGCCCTACAATGAGCAGTTCTTC,0.00016,TRBV20-1*05,TRBJ2-1*01,TRBD2*02,1
CASSLWSHPLNYGYTF,TGTGCCAGCAGTTTATGGTCGCATCCTCTCAACTATGGCTACACCTTC,0.00098,TRBV28*01,TRBJ1-2*01,None,1
CASSSSRHQPQHF,TGTGCCAGCAGCTCTAGCCGACATCAGCCCCAGCATTTT,0.0057,TRBV5-6*01,TRBJ1-5*01,None,1
CASSLGRGGETQYF,TGTGCCAGCAGCTTGGGGAGGGGAGGAGAGACCCAGTACTTC,0.02133,TRBV7-9*03,TRBJ2-5*01,TRBD2*02,1
CASSLAHDDWTSGGRDTQYF,TGTGCCAGCAGCTTAGCTCATGATGATTGGACTAGCGGGGGGAGAGATACGCAGTATTTT,0.02133,TRBV7-6*01,TRBJ2-3*01,TRBD2*01,1
CASSINPQARSRNEQFF,TGTGCCAGTAGTATTAACCCCCAGGCTCGGAGTAGAAATGAGCAGTTCTTC,0.05309,TRBV19*01,TRBJ2-1*01,TRBD2*02,1
CASSTIKTGGGAYEAFF,TGTGCCAGCAGTACGATAAAGACAGGGGGGGGGGCTTATGAAGCTTTCTTT,0.01464,TRBV6-5*01,TRBJ1-1*01,TRBD2*01,1
CASSESSGRAEGYTF,TGTGCCAGCAGTGAAAGTAGCGGGAGGGCCGAGGGCTACACCTTC,0.00098,TRBV6-1*01,TRBJ1-2*01,TRBD2*02,1
CASSSTGVSYNEQFF,TGTGCCAGCAGTTCGACAGGGGTCTCCTACAATGAGCAGTTCTTC,0.05309,TRBV2*01,TRBJ2-1*01,TRBD1*01,1
CASSSSGQGVYEQYF,TGTGCCAGCAGCTCAAGTGGACAGGGAGTGTATGAGCAGTACTTC,0.04517,TRBV7-9*02,TRBJ2-7*01,TRBD1*01,1
CASSEVRDRGLAANTEAFF,TGTGCCAGCAGTGAGGTACGGGATCGGGGACTAGCGGCCAACACTGAAGCTTTCTTT,0.01464,TRBV2*01,TRBJ1-1*01,TRBD2*02,1
CASSEAPTSGGKNEQFF,TGTGCCAGCAGTGAAGCGCCTACTAGCGGGGGGAAGAATGAGCAGTTCTTC,0.05309,TRBV2*01,TRBJ2-1*01,TRBD2*01,1
CASSSRDPSGNEQFF,TGTGCCAGCAGCAGCCGTGACCCTAGCGGCAATGAGCAGTTCTTC,0.05309,TRBV11-2*01,None,TRBD2*02,1
CASSEVAGGLDPYNEKFF,TGTGCCAGCAGTGAAGTAGCGGGGGGGCTCGATCCCTACAATGAGAAGTTCTTC,0.0,TRBV6-1*01,TRBJ2-1*01,TRBD2*01,1
CASSSTRTSGDTGELFF,TGTGCCAGCAGTTCTACTAGGACTAGCGGGGACACCGGGGAGCTGTTTTTT,0.01707,TRBV27*01,TRBJ2-2*01,TRBD2*01,1
CASSLAPSGRALHYGELFF,TGTGCCAGCAGTTTAGCGCCTAGCGGGAGGGCACTTCACTACGGGGAGCTGTTTTTT,0.01707,TRBV12-3*01,TRBJ2-2*01,TRBD2*02,1
CASSTINNTEAFF,TGTGCCAGCAGTACCATAAACAACACTGAAGCTTTCTTT,0.01464,TRBV6-6*02,TRBJ1-1*01,None,1
CASSIESINIQYF,TGTGCCAGTAGTATAGAATCAATTAACATTCAGTACTTC,0.00106,TRBV19*01,TRBJ2-4*01,None,1
CASSLGSNQPQHF,TGTGCCAGCAGCTTGGGGTCCAATCAGCCCCAGCATTTT,0.0057,TRBV5-4*01,TRBJ1-5*01,None,1
CASRIPHLGETQYF,TGTGCCAGCAGAATTCCTCACCTAGGAGAGACCCAGTACTTC,0.00396,TRBV5-6*01,TRBJ2-5*01,None,1
CASSLYLGRGAYNSPLHF,TGTGCCAGCAGCTTATATTTAGGGCGGGGGGCCTATAATTCACCCCTCCACTTT,0.00183,TRBV7-8*01,TRBJ1-6*02,TRBD2*01,1
CASSPQTTSGAGELFF,TGTGCCAGCAGCCCCCAGACGACTAGCGGGGCCGGGGAGCTGTTTTTT,0.01707,TRBV27*01,None,TRBD2*01,1
CASSCMTDRRDTGELFF,TGTGCCAGCAGTTGCATGACGGACAGGCGGGACACCGGGGAGCTGTTTTTT,0.01707,TRBV12-4*02,TRBJ2-2*01,TRBD2*01,1
CASSSTTGGGYTF,TGTGCCAGTAGTTCTACGACAGGGGGTGGCTACACCTTC,0.00098,TRBV19*02,None,TRBD1*01,1
CSAREDRRNYNEQFF,TGCAGTGCTAGAGAAGACAGGAGGAACTACAATGAGCAGTTCTTC,0.00016,TRBV20-1*01,TRBJ2-1*01,TRBD2*02,1
CASSELAGGAGELFF,TGTGCCAGCAGTGAGCTAGCGGGAGGAGCAGGGGAGCTGTTTTTT,0.01707,TRBV6-1*01,TRBJ2-2*01,TRBD2*01,1
CASSLGSLLAPSGNTIYF,TGTGCCAGCAGTCTAGGCTCACTATTAGCTCCGTCTGGAAACACCATATATTTT,0.0009,TRBV28*01,None,None,1
CASSLAVIAGASGYTF,TGTGCCAGCAGCTTAGCGGTGATAGCGGGGGCTTCAGGCTACACCTTC,0.00098,TRBV7-2*01,TRBJ1-2*01,TRBD2*01,1
CASRHGTGSNQPQHF,TGCGCCAGCAGACATGGGACAGGGAGCAATCAGCCCCAGCATTTT,0.00106,TRBV5-1*01,None,TRBD1*01,1
CASSSPRSNAEAFF,TGCGCCAGCAGCAGCCCCAGGTCAAACGCTGAAGCTTTCTTT,0.01464,TRBV4-3*01,TRBJ1-1*01,None,1
CASSFHPELAGAGYTF,TGTGCCAGCAGCTTTCATCCAGAACTAGCGGGAGCTGGCTACACCTTC,0.00098,TRBV7-8*01,TRBJ1-2*01,TRBD2*02,1
CASSLARLAGAYNEQFF,TGTGCCAGCAGCTTAGCTAGACTAGCGGGTGCCTACAATGAGCAGTTCTTC,0.05309,TRBV7-7*01,TRBJ2-1*01,TRBD2*01,1
CASSLLWDYCYNEQFF,TGTGCCAGCAGCTTATTATGGGATTACTGCTACAATGAGCAGTTCTTC,0.05309,TRBV7-9*01,TRBJ2-1*01,None,1
CSARSRVATYEQYF,TGCAGTGCTAGATCGCGGGTTGCTACCTACGAGCAGTACTTC,0.00014,TRBV20/OR9-2*01,TRBJ2-7*01,TRBD2*01,1
CAWSLSIRQVPGNIQYF,TGTGCCTGGAGTTTATCTATTCGACAGGTCCCGGGAAACATTCAGTACTTC,1.0e-5,TRBV30*04,TRBJ2-4*01,TRBD1*01,1
CASSLSHRTSGRTETQYF,TGTGCCAGCAGTTTATCGCATCGGACTAGCGGGAGAACAGAGACCCAGTACTTC,0.02133,TRBV27*01,TRBJ2-1*01,TRBD2*02,1
CASSIDPSGPSGGGSRYYGYTF,TGTGCCAGTAGTATAGATCCTTCAGGGCCTAGCGGGGGGGGTTCTCGCTATTATGGCTACACCTTC,0.00098,TRBV19*02,None,TRBD2*01,1
CASSLAEAGSPRSEQYF,TGTGCCAGCAGTTTAGCGGAAGCGGGATCACCGCGTTCTGAGCAGTACTTC,0.04517,TRBV12-4*01,TRBJ2-7*01,TRBD2*01,1
CASSLAHRTSGIRQTQYF,TGTGCCAGCAGCTTAGCCCACCGGACTAGCGGGATACGTCAAACCCAGTACTTC,0.02133,TRBV7-9*03,TRBJ2-5*01,TRBD2*02,1
CASSIDGSGLAAHGLYEQYF,TGTGCCAGTAGTATAGATGGTAGCGGACTAGCGGCTCATGGACTCTACGAGCAGTACTTC,0.04517,TRBV19*02,TRBJ2-7*01,TRBD2*01,1
CASRVAGYRLRTSYNEQFF,TGTGCCAGCAGAGTTGCAGGTTACAGGTTACGTACCTCCTACAATGAGCAGTTCTTC,0.00986,TRBV27*01,TRBJ2-1*01,TRBD2*02,1
CASSSTGVSYNEQFF,TGTGCCAGCAGTTCGACAGGGGTCTCCTACAATGAGCAGTTCTTC,0.05309,TRBV2*02,TRBJ2-1*01,TRBD1*01,1
CASSYDSILWTGELFF,TGTGCCAGCAGTTACGACAGTATACTTTGGACCGGGGAGCTGTTTTTT,0.01707,TRBV2*01,TRBJ2-2*01,TRBD2*01,1
CSVEDKYRGSVNTIYF,TGCAGCGTTGAAGATAAGTACAGGGGGTCGGTAAACACCATATATTTT,0.0,TRBV29-1*01,TRBJ1-3*01,TRBD2*01,1
CASSSAGLAGRTGELFF,TGTGCCAGCAGTTCGGCGGGACTAGCGGGCAGGACCGGGGAGCTGTTTTTT,0.01707,TRBV27*01,TRBJ2-2*01,TRBD2*01,1
CASRYGSWDRGRISLETQYF,TGTGCCAGCAGGTATGGCAGTTGGGACAGGGGGAGAATCTCGCTAGAGACCCAGTACTTC,0.00396,TRBV6-3*01,TRBJ2-5*01,TRBD1*01,1
CASSEAGGQYGNTIYF,TGTGCCAGCAGTGAAGCTGGGGGACAGTATGGAAACACCATATATTTT,0.0009,TRBV2*01,None,TRBD2*01,1
CASSYGLRPGGEQYF,TGTGCCAGCAGTTACGGCTTACGGCCAGGGGGCGAGCAGTACTTC,0.04517,TRBV6-6*02,TRBJ2-7*01,TRBD2*01,1
CASSLAGIAEAFF,TGTGCCAGCAGCTTGGCGGGCATAGCTGAAGCTTTCTTT,0.01464,TRBV5-4*01,TRBJ1-1*01,TRBD2*02,1
CASSIDGQGLAGAYGYTF,TGTGCCAGTAGTATAGACGGCCAGGGACTAGCGGGGGCTTATGGCTACACCTTC,0.00098,TRBV19*02,TRBJ1-2*01,TRBD2*01,1
CASSLERGGRAGNTIYF,TGTGCCAGCAGTTTAGAGCGGGGGGGCAGAGCTGGAAACACCATATATTTT,0.0009,TRBV12-4*01,TRBJ1-3*01,TRBD2*01,1
CASSSGNQPQHF,TGCGCCAGCAGTAGCGGGAATCAGCCCCAGCATTTT,0.0057,TRBV4-1*02,TRBJ1-5*01,TRBD2*02,1
CASSLTQEQYF,TGTGCCAGCAGCTTGACGCAAGAGCAGTACTTC,0.04517,TRBV11-2*01,TRBJ2-7*01,None,1
CSVVGSAGANNEQFF,TGCAGCGTTGTAGGCTCCGCAGGGGCTAACAATGAGCAGTTCTTC,0.0,TRBV29-1*02,TRBJ2-1*01,TRBD2*01,1
CAIRAGGPYNEQFF,TGTGCCATCAGAGCGGGAGGGCCCTACAATGAGCAGTTCTTC,8.0e-5,TRBV10-3*01,TRBJ2-1*01,TRBD2*02,1
CATSERLAGAIPRYNEQFF,TGTGCCACCAGTGAACGACTAGCGGGGGCGATACCTAGATACAATGAGCAGTTCTTC,0.00085,TRBV24-1*01,TRBJ2-1*01,TRBD2*01,1
CASSQEQGQGVPLHEQYF,TGCGCCAGCAGCCAAGAACAGGGACAGGGGGTCCCGTTACACGAGCAGTACTTC,0.04517,TRBV4-3*01,None,TRBD1*01,1
CASSSLAGVYEQYF,TGTGCCAGCAGTTCTCTAGCGGGCGTCTACGAGCAGTACTTC,0.04517,TRBV6-5*01,TRBJ2-7*01,TRBD2*01,1
CASSLRIHLAGVNSPLHF,TGTGCCAGCAGTTTGCGTATTCATCTAGCGGGAGTTAATTCACCCCTCCACTTT,0.00183,TRBV12-4*02,TRBJ1-6*01,TRBD2*02,1
CSARLNGQGLTNQPQHF,TGCAGTGCTAGACTAAATGGACAGGGCTTGACCAATCAGCCCCAGCATTTT,2.0e-5,TRBV20/OR9-2*01,TRBJ1-5*01,TRBD1*01,1
CASSQDPRLAGLAGGRDNEQFF,TGTGCCAGCAGCCAAGATCCTAGACTAGCGGGACTAGCGGGAGGGAGAGACAATGAGCAGTTCTTC,0.05309,TRBV4-2*01,TRBJ2-1*01,TRBD2*02,1
CASSDASPTSGSGTDTQYF,TGTGCCAGCAGTGATGCTTCCCCGACTAGCGGGTCAGGCACAGATACGCAGTATTTT,0.02133,TRBV6-1*01,TRBJ2-3*01,TRBD2*02,1
CASSEAGNLWTSGRGNEQFF,TGTGCCAGCAGTGAAGCTGGGAACTTATGGACTAGCGGGAGAGGCAATGAGCAGTTCTTC,0.05309,TRBV2*01,TRBJ2-1*01,TRBD2*02,1
CASSLRVLEAFF,TGTGCCAGCAGCTTAAGGGTACTTGAAGCTTTCTTT,0.01464,TRBV7-3*01,TRBJ1-1*01,None,1
